+ PROJECT_ROOT=/home/changyi.yang@liquid.ai/duplex-rl-wt
+ TRAIN_FILE=/home/changyi.yang@liquid.ai/duplex_rl_data/trainer_gate.parquet
+ AMD_IMAGE=/home/teams/posttraining/sqsh/liquidai_liquid_rl_dev0.7.sqsh
+ DEPS_DIR=/home/changyi.yang@liquid.ai/.duplex_probe_min
+ CONTAINER_NAME=duplex-trainer-1868875
+ srun --nodes=1 --ntasks=1 --container-image=/home/teams/posttraining/sqsh/liquidai_liquid_rl_dev0.7.sqsh --container-name=duplex-trainer-1868875 --container-mounts=/home:/home,/home/shared_tw:/home/shared_tw --container-workdir=/home/changyi.yang@liquid.ai/duplex-rl-wt --container-entrypoint --container-remap-root --kill-on-bad-exit=1 --export=ALL,PROJECT_ROOT=/home/changyi.yang@liquid.ai/duplex-rl-wt,TRAIN_FILE=/home/changyi.yang@liquid.ai/duplex_rl_data/trainer_gate.parquet,DEPS_DIR=/home/changyi.yang@liquid.ai/.duplex_probe_min bash -lc '
        set -euo pipefail
        export PATH=/opt/venv/bin:${PATH}
        export PYTHONPATH=${DEPS_DIR}:${PROJECT_ROOT}
        export PYTHONNOUSERSITE=1
        export PYTHONUNBUFFERED=1
        export HYDRA_FULL_ERROR=1
        export TOKENIZERS_PARALLELISM=false
        export HSA_ENABLE_IPC_MODE_LEGACY=1
        export HSA_ENABLE_COREDUMP=0
        export PYTORCH_HIP_ALLOC_CONF=expandable_segments:True
        export RAY_DEDUP_LOGS=0
        # Ray AMD accelerator manager treats simultaneous ROCR/HIP masks as
        # ambiguous; Slurm/pyxis may inject both for a one-GPU allocation.
        unset ROCR_VISIBLE_DEVICES
        /opt/venv/bin/python -c "import sys, torch; print(sys.version); print(torch.__version__, torch.version.hip, torch.cuda.get_device_name(0))"
        PYTHON_BIN=/opt/venv/bin/python TRAIN_FILE=${TRAIN_FILE} TEST_FILE=${TRAIN_FILE} \
            bash examples/duplex_rl/run_minicpmo45_grpo_fsdp.sh
    '
3.10.12 (main, May 27 2025, 17:12:29) [GCC 11.4.0]
2.9.0a0+git7bcbafe 7.0.51831-a3e329ad8 AMD Instinct MI325X
+ MODEL_PATH=openbmb/MiniCPM-o-4_5
+ TRAIN_FILE=/home/changyi.yang@liquid.ai/duplex_rl_data/trainer_gate.parquet
+ TEST_FILE=/home/changyi.yang@liquid.ai/duplex_rl_data/trainer_gate.parquet
+ TOTAL_TRAINING_STEPS=2
+ PROJECT_NAME=duplex_rl
+ EXPERIMENT_NAME=minicpmo45_full_grpo_gate
+ PYTHON_BIN=/opt/venv/bin/python
+ /opt/venv/bin/python -m verl.trainer.main_ppo algorithm.adv_estimator=grpo algorithm.norm_adv_by_std_in_grpo=True algorithm.use_kl_in_reward=False data.train_files=/home/changyi.yang@liquid.ai/duplex_rl_data/trainer_gate.parquet data.val_files=/home/changyi.yang@liquid.ai/duplex_rl_data/trainer_gate.parquet data.train_batch_size=1 data.max_prompt_length=64 data.max_response_length=2048 data.filter_overlong_prompts=False data.truncation=error data.shuffle=False data.dataloader_num_workers=0 data.return_multi_modal_inputs=False data.trust_remote_code=True actor_rollout_ref.hybrid_engine=True actor_rollout_ref.model.path=openbmb/MiniCPM-o-4_5 actor_rollout_ref.model.trust_remote_code=True actor_rollout_ref.model.enable_gradient_checkpointing=False actor_rollout_ref.model.use_remove_padding=True actor_rollout_ref.model.lora_rank=0 +actor_rollout_ref.model.override_config.attn_implementation=sdpa +actor_rollout_ref.model.override_config.init_vision=False +actor_rollout_ref.model.override_config.init_audio=True +actor_rollout_ref.model.override_config.init_tts=False actor_rollout_ref.actor.optim.lr=1e-6 actor_rollout_ref.actor.optim.weight_decay=0 actor_rollout_ref.actor.ppo_mini_batch_size=1 actor_rollout_ref.actor.ppo_micro_batch_size_per_gpu=1 actor_rollout_ref.actor.ppo_epochs=1 actor_rollout_ref.actor.use_dynamic_bsz=False actor_rollout_ref.actor.use_kl_loss=False actor_rollout_ref.actor.use_torch_compile=False actor_rollout_ref.actor.fsdp_config.model_dtype=bfloat16 actor_rollout_ref.actor.fsdp_config.dtype=bfloat16 actor_rollout_ref.actor.fsdp_config.param_offload=False actor_rollout_ref.actor.fsdp_config.optimizer_offload=False actor_rollout_ref.actor.fsdp_config.use_orig_params=True actor_rollout_ref.actor.fsdp_config.use_torch_compile=False actor_rollout_ref.rollout.name=duplex actor_rollout_ref.rollout.mode=async actor_rollout_ref.rollout.dtype=bfloat16 actor_rollout_ref.rollout.tensor_model_parallel_size=1 actor_rollout_ref.rollout.data_parallel_size=1 actor_rollout_ref.rollout.max_num_seqs=1 actor_rollout_ref.rollout.max_model_len=2048 actor_rollout_ref.rollout.n=2 actor_rollout_ref.rollout.log_prob_micro_batch_size_per_gpu=1 actor_rollout_ref.rollout.free_cache_engine=True actor_rollout_ref.rollout.calculate_log_probs=False actor_rollout_ref.rollout.checkpoint_engine.backend=naive actor_rollout_ref.rollout.agent.num_workers=1 +actor_rollout_ref.rollout.agent.agent_loop_manager_class=verl.experimental.agent_loop.duplex_agent_loop.DuplexAgentLoopManager +actor_rollout_ref.rollout.duplex.chunk_seconds=1.0 +actor_rollout_ref.rollout.duplex.init_vision=False +actor_rollout_ref.rollout.duplex.init_tts=False +actor_rollout_ref.rollout.duplex.counterfactual_first_actions=True reward.reward_model.enable=False reward.num_workers=1 reward.reward_manager.source=register reward.reward_manager.name=duplex_window trainer.use_v1=False trainer.balance_batch=False 'trainer.logger=["console"]' trainer.project_name=duplex_rl trainer.experiment_name=minicpmo45_full_grpo_gate trainer.n_gpus_per_node=1 trainer.nnodes=1 trainer.total_epochs=1 trainer.total_training_steps=2 trainer.val_before_train=False trainer.test_freq=-1 trainer.save_freq=-1 trainer.resume_mode=disable
/home/changyi.yang@liquid.ai/duplex-rl-wt/verl/trainer/main_ppo.py:181: UserWarning: Disabled critic as algorithm.adv_estimator != gae. If it is not intended, please set critic.enable=True
  use_critic=need_critic(config),
[validate_config] All configuration checks passed successfully!
/home/changyi.yang@liquid.ai/duplex-rl-wt/verl/workers/engine/mindspeed/transformer_impl.py:24: UserWarning: NPU not support router replay for now.
  from verl.utils.megatron.router_replay_patch import RouterReplay
[2026-08-14 19:40:35,535][__main__][WARNING] - Legacy trainer `main_ppo_v0.py` is deprecated, and wil be removed in v0.9.0.Please set `trainer.use_v1=True` in config to use V1 trainer.
ray init kwargs: {'num_cpus': None, 'runtime_env': {'env_vars': {'NCCL_DEBUG': 'WARN', 'VLLM_LOGGING_LEVEL': 'WARN', 'VLLM_ALLOW_RUNTIME_LORA_UPDATING': 'true', 'VLLM_DISABLE_COMPILE_CACHE': '1', 'HCCL_HOST_SOCKET_PORT_RANGE': 'auto', 'HCCL_NPU_SOCKET_PORT_RANGE': 'auto', 'RAY_ACCEL_ENV_VAR_OVERRIDE_ON_ZERO': '0', 'PYTHONHASHSEED': '0', 'VERL_FULL_DETERMINISM': '0', 'VLLM_BATCH_INVARIANT': '0', 'VERL_RL_INSIGHT_ENABLE': '0', 'PYTHONPATH': '/home/changyi.yang@liquid.ai/.duplex_probe_min:/root/liquid_rl'}, 'working_dir': None}}
2026-08-14 19:40:44,839	INFO worker.py:2015 -- Started a local Ray instance. View the dashboard at 127.0.0.1:8265
(pid=527633) /home/changyi.yang@liquid.ai/duplex-rl-wt/verl/workers/engine/mindspeed/transformer_impl.py:24: UserWarning: NPU not support router replay for now.
(pid=527633)   from verl.utils.megatron.router_replay_patch import RouterReplay
(TaskRunner pid=527633) TaskRunner hostname: tus1-p14-g22, PID: 527633
(TaskRunner pid=527633) {'actor_rollout_ref': {'actor': {'_target_': 'verl.workers.config.FSDPActorConfig',
(TaskRunner pid=527633)                                  'calculate_entropy': False,
(TaskRunner pid=527633)                                  'calculate_sum_pi_squared': False,
(TaskRunner pid=527633)                                  'checkpoint': {'_target_': 'verl.trainer.config.CheckpointConfig',
(TaskRunner pid=527633)                                                 'async_save': False,
(TaskRunner pid=527633)                                                 'load_contents': ['model',
(TaskRunner pid=527633)                                                                   'optimizer',
(TaskRunner pid=527633)                                                                   'extra'],
(TaskRunner pid=527633)                                                 'save_contents': ['model',
(TaskRunner pid=527633)                                                                   'optimizer',
(TaskRunner pid=527633)                                                                   'extra'],
(TaskRunner pid=527633)                                                 'strict': True},
(TaskRunner pid=527633)                                  'clip_ratio': 0.2,
(TaskRunner pid=527633)                                  'clip_ratio_c': 3.0,
(TaskRunner pid=527633)                                  'clip_ratio_high': 0.2,
(TaskRunner pid=527633)                                  'clip_ratio_low': 0.2,
(TaskRunner pid=527633)                                  'data_loader_seed': 42,
(TaskRunner pid=527633)                                  'entropy_checkpointing': False,
(TaskRunner pid=527633)                                  'entropy_coeff': 0,
(TaskRunner pid=527633)                                  'entropy_from_logits_chunk_size': 2048,
(TaskRunner pid=527633)                                  'entropy_from_logits_with_chunking': False,
(TaskRunner pid=527633)                                  'freeze_vision_tower': False,
(TaskRunner pid=527633)                                  'fsdp_config': {'_target_': 'verl.workers.config.FSDPEngineConfig',
(TaskRunner pid=527633)                                                  'dtype': 'bfloat16',
(TaskRunner pid=527633)                                                  'entropy_checkpointing': False,
(TaskRunner pid=527633)                                                  'entropy_from_logits_chunk_size': 2048,
(TaskRunner pid=527633)                                                  'entropy_from_logits_with_chunking': False,
(TaskRunner pid=527633)                                                  'forward_only': False,
(TaskRunner pid=527633)                                                  'forward_prefetch': False,
(TaskRunner pid=527633)                                                  'fsdp_size': -1,
(TaskRunner pid=527633)                                                  'full_determinism': False,
(TaskRunner pid=527633)                                                  'model_dtype': 'bfloat16',
(TaskRunner pid=527633)                                                  'offload_policy': False,
(TaskRunner pid=527633)                                                  'optimizer_offload': False,
(TaskRunner pid=527633)                                                  'param_offload': False,
(TaskRunner pid=527633)                                                  'qat': {'_target_': 'verl.workers.config.QATEngineConfig',
(TaskRunner pid=527633)                                                          'activation_observer': 'static_minmax',
(TaskRunner pid=527633)                                                          'enable': False,
(TaskRunner pid=527633)                                                          'group_size': 16,
(TaskRunner pid=527633)                                                          'ignore_patterns': ['lm_head',
(TaskRunner pid=527633)                                                                              'embed_tokens',
(TaskRunner pid=527633)                                                                              're:.*mlp.gate$'],
(TaskRunner pid=527633)                                                          'mode': 'w4a16',
(TaskRunner pid=527633)                                                          'quantization_config_path': None},
(TaskRunner pid=527633)                                                  'reshard_after_forward': True,
(TaskRunner pid=527633)                                                  'seed': 42,
(TaskRunner pid=527633)                                                  'strategy': 'fsdp',
(TaskRunner pid=527633)                                                  'ulysses_sequence_parallel_size': 1,
(TaskRunner pid=527633)                                                  'use_orig_params': True,
(TaskRunner pid=527633)                                                  'use_torch_compile': False,
(TaskRunner pid=527633)                                                  'wrap_policy': {'min_num_params': 0}},
(TaskRunner pid=527633)                                  'grad_clip': 1.0,
(TaskRunner pid=527633)                                  'kl_loss_coef': 0.001,
(TaskRunner pid=527633)                                  'kl_loss_type': 'low_var_kl',
(TaskRunner pid=527633)                                  'loss_agg_mode': 'token-mean',
(TaskRunner pid=527633)                                  'loss_scale_factor': None,
(TaskRunner pid=527633)                                  'optim': {'_target_': 'verl.workers.config.FSDPOptimizerConfig',
(TaskRunner pid=527633)                                            'betas': [0.9, 0.999],
(TaskRunner pid=527633)                                            'clip_grad': 1.0,
(TaskRunner pid=527633)                                            'lr': 1e-06,
(TaskRunner pid=527633)                                            'lr_scheduler_type': 'constant',
(TaskRunner pid=527633)                                            'lr_warmup_steps': -1,
(TaskRunner pid=527633)                                            'lr_warmup_steps_ratio': 0.0,
(TaskRunner pid=527633)                                            'min_lr_ratio': 0.0,
(TaskRunner pid=527633)                                            'num_cycles': 0.5,
(TaskRunner pid=527633)                                            'optimizer': 'AdamW',
(TaskRunner pid=527633)                                            'optimizer_impl': 'torch.optim',
(TaskRunner pid=527633)                                            'override_optimizer_config': None,
(TaskRunner pid=527633)                                            'total_training_steps': -1,
(TaskRunner pid=527633)                                            'warmup_style': None,
(TaskRunner pid=527633)                                            'weight_decay': 0,
(TaskRunner pid=527633)                                            'zero_indexed_step': True},
(TaskRunner pid=527633)                                  'policy_loss': {'_target_': 'verl.workers.config.PolicyLossConfig',
(TaskRunner pid=527633)                                                  'clip_cov_lb': 1.0,
(TaskRunner pid=527633)                                                  'clip_cov_ratio': 0.0002,
(TaskRunner pid=527633)                                                  'clip_cov_ub': 5.0,
(TaskRunner pid=527633)                                                  'kl_cov_ratio': 0.0002,
(TaskRunner pid=527633)                                                  'loss_mode': 'vanilla',
(TaskRunner pid=527633)                                                  'ppo_kl_coef': 0.1},
(TaskRunner pid=527633)                                  'ppo_epochs': 1,
(TaskRunner pid=527633)                                  'ppo_max_token_len_per_gpu': 16384,
(TaskRunner pid=527633)                                  'ppo_micro_batch_size': None,
(TaskRunner pid=527633)                                  'ppo_micro_batch_size_per_gpu': 1,
(TaskRunner pid=527633)                                  'ppo_mini_batch_size': 1,
(TaskRunner pid=527633)                                  'profiler': {'_target_': 'verl.utils.profiler.ProfilerConfig',
(TaskRunner pid=527633)                                               'all_ranks': False,
(TaskRunner pid=527633)                                               'enable': False,
(TaskRunner pid=527633)                                               'ranks': [],
(TaskRunner pid=527633)                                               'save_path': 'outputs/profile',
(TaskRunner pid=527633)                                               'tool': None,
(TaskRunner pid=527633)                                               'tool_config': {'npu': {'_target_': 'verl.utils.profiler.config.NPUToolConfig',
(TaskRunner pid=527633)                                                                       'analysis': True,
(TaskRunner pid=527633)                                                                       'contents': [],
(TaskRunner pid=527633)                                                                       'discrete': False,
(TaskRunner pid=527633)                                                                       'level': 'level0'},
(TaskRunner pid=527633)                                                               'nsys': {'_target_': 'verl.utils.profiler.config.NsightToolConfig',
(TaskRunner pid=527633)                                                                        'discrete': False},
(TaskRunner pid=527633)                                                               'precision_debugger': {'_target_': 'verl.utils.profiler.config.PrecisionDebuggerToolConfig',
(TaskRunner pid=527633)                                                                                      'config_path': None,
(TaskRunner pid=527633)                                                                                      'stages': None,
(TaskRunner pid=527633)                                                                                      'steps': None,
(TaskRunner pid=527633)                                                                                      'strict': False},
(TaskRunner pid=527633)                                                               'torch': {'_target_': 'verl.utils.profiler.config.TorchProfilerToolConfig',
(TaskRunner pid=527633)                                                                         'contents': [],
(TaskRunner pid=527633)                                                                         'discrete': False,
(TaskRunner pid=527633)                                                                         'schedule': {'_target_': 'verl.utils.profiler.config.TorchProfilerScheduleConfig',
(TaskRunner pid=527633)                                                                                      'active': 0,
(TaskRunner pid=527633)                                                                                      'repeat': 0,
(TaskRunner pid=527633)                                                                                      'skip_first': 0,
(TaskRunner pid=527633)                                                                                      'wait': 0,
(TaskRunner pid=527633)                                                                                      'warmup': 0}},
(TaskRunner pid=527633)                                                               'torch_memory': {'_target_': 'verl.utils.profiler.config.TorchMemoryToolConfig',
(TaskRunner pid=527633)                                                                                'stack_depth': 32,
(TaskRunner pid=527633)                                                                                'trace_alloc_max_entries': 100000}}},
(TaskRunner pid=527633)                                  'qat': {'activation_observer': 'static_minmax',
(TaskRunner pid=527633)                                          'enable': False,
(TaskRunner pid=527633)                                          'group_size': 16,
(TaskRunner pid=527633)                                          'ignore_patterns': ['lm_head',
(TaskRunner pid=527633)                                                              'embed_tokens',
(TaskRunner pid=527633)                                                              're:.*mlp.gate$'],
(TaskRunner pid=527633)                                          'mode': 'w4a16',
(TaskRunner pid=527633)                                          'quantization_config_path': None},
(TaskRunner pid=527633)                                  'rollout_n': 2,
(TaskRunner pid=527633)                                  'router_replay': {'_target_': 'verl.workers.config.RouterReplayConfig',
(TaskRunner pid=527633)                                                    'mode': 'disabled',
(TaskRunner pid=527633)                                                    'record_file': None,
(TaskRunner pid=527633)                                                    'replay_file': None},
(TaskRunner pid=527633)                                  'shuffle': False,
(TaskRunner pid=527633)                                  'strategy': 'fsdp',
(TaskRunner pid=527633)                                  'tau_neg': 1.05,
(TaskRunner pid=527633)                                  'tau_pos': 1.0,
(TaskRunner pid=527633)                                  'ulysses_sequence_parallel_size': 1,
(TaskRunner pid=527633)                                  'use_dynamic_bsz': False,
(TaskRunner pid=527633)                                  'use_fused_kernels': False,
(TaskRunner pid=527633)                                  'use_kl_loss': False,
(TaskRunner pid=527633)                                  'use_prefix_grouper': False,
(TaskRunner pid=527633)                                  'use_remove_padding': True,
(TaskRunner pid=527633)                                  'use_torch_compile': False},
(TaskRunner pid=527633)                        'hybrid_engine': True,
(TaskRunner pid=527633)                        'model': {'_target_': 'verl.workers.config.HFModelConfig',
(TaskRunner pid=527633)                                  'custom_chat_template': None,
(TaskRunner pid=527633)                                  'enable_activation_offload': False,
(TaskRunner pid=527633)                                  'enable_gradient_checkpointing': False,
(TaskRunner pid=527633)                                  'exclude_modules': None,
(TaskRunner pid=527633)                                  'external_lib': None,
(TaskRunner pid=527633)                                  'fused_kernel_options': {'impl_backend': 'torch'},
(TaskRunner pid=527633)                                  'hf_config_path': None,
(TaskRunner pid=527633)                                  'lora': {'a2a_experimental': False,
(TaskRunner pid=527633)                                           'adapter_path': None,
(TaskRunner pid=527633)                                           'alpha': 32,
(TaskRunner pid=527633)                                           'dropout': 0.0,
(TaskRunner pid=527633)                                           'dropout_position': 'pre',
(TaskRunner pid=527633)                                           'dtype': None,
(TaskRunner pid=527633)                                           'exclude_modules': [],
(TaskRunner pid=527633)                                           'freeze_language_model': True,
(TaskRunner pid=527633)                                           'freeze_vision_model': True,
(TaskRunner pid=527633)                                           'freeze_vision_projection': True,
(TaskRunner pid=527633)                                           'lora_A_init_method': 'xavier',
(TaskRunner pid=527633)                                           'lora_B_init_method': 'zero',
(TaskRunner pid=527633)                                           'merge': False,
(TaskRunner pid=527633)                                           'rank': 0,
(TaskRunner pid=527633)                                           'target_modules': ['linear_qkv',
(TaskRunner pid=527633)                                                              'linear_proj',
(TaskRunner pid=527633)                                                              'linear_fc1',
(TaskRunner pid=527633)                                                              'linear_fc2'],
(TaskRunner pid=527633)                                           'type': 'lora'},
(TaskRunner pid=527633)                                  'lora_adapter_path': None,
(TaskRunner pid=527633)                                  'lora_alpha': 16,
(TaskRunner pid=527633)                                  'lora_rank': 0,
(TaskRunner pid=527633)                                  'mtp': {'_target_': 'verl.workers.config.MtpConfig',
(TaskRunner pid=527633)                                          'detach_encoder': False,
(TaskRunner pid=527633)                                          'enable': False,
(TaskRunner pid=527633)                                          'enable_rollout': False,
(TaskRunner pid=527633)                                          'enable_train': False,
(TaskRunner pid=527633)                                          'method': 'mtp',
(TaskRunner pid=527633)                                          'mtp_loss_scaling_factor': 0.1,
(TaskRunner pid=527633)                                          'num_speculative_tokens': 1,
(TaskRunner pid=527633)                                          'speculative_algorithm': 'EAGLE',
(TaskRunner pid=527633)                                          'speculative_eagle_topk': 1,
(TaskRunner pid=527633)                                          'speculative_num_draft_tokens': 4,
(TaskRunner pid=527633)                                          'speculative_num_steps': 3},
(TaskRunner pid=527633)                                  'override_config': {'attn_implementation': 'sdpa',
(TaskRunner pid=527633)                                                      'init_audio': True,
(TaskRunner pid=527633)                                                      'init_tts': False,
(TaskRunner pid=527633)                                                      'init_vision': False},
(TaskRunner pid=527633)                                  'path': 'openbmb/MiniCPM-o-4_5',
(TaskRunner pid=527633)                                  'target_modules': 'all-linear',
(TaskRunner pid=527633)                                  'tiled_mlp': {'enabled': False,
(TaskRunner pid=527633)                                                'num_shards': 4},
(TaskRunner pid=527633)                                  'tokenizer_path': None,
(TaskRunner pid=527633)                                  'trust_remote_code': True,
(TaskRunner pid=527633)                                  'use_fused_kernels': False,
(TaskRunner pid=527633)                                  'use_liger': False,
(TaskRunner pid=527633)                                  'use_remove_padding': True,
(TaskRunner pid=527633)                                  'use_shm': False},
(TaskRunner pid=527633)                        'nccl_timeout': 600,
(TaskRunner pid=527633)                        'ref': {'_target_': 'verl.workers.config.FSDPActorConfig',
(TaskRunner pid=527633)                                'entropy_checkpointing': False,
(TaskRunner pid=527633)                                'entropy_from_logits_chunk_size': 2048,
(TaskRunner pid=527633)                                'entropy_from_logits_with_chunking': False,
(TaskRunner pid=527633)                                'fsdp_config': {'_target_': 'verl.workers.config.FSDPEngineConfig',
(TaskRunner pid=527633)                                                'dtype': 'bfloat16',
(TaskRunner pid=527633)                                                'entropy_checkpointing': False,
(TaskRunner pid=527633)                                                'entropy_from_logits_chunk_size': 2048,
(TaskRunner pid=527633)                                                'entropy_from_logits_with_chunking': False,
(TaskRunner pid=527633)                                                'forward_only': True,
(TaskRunner pid=527633)                                                'forward_prefetch': False,
(TaskRunner pid=527633)                                                'fsdp_size': -1,
(TaskRunner pid=527633)                                                'full_determinism': False,
(TaskRunner pid=527633)                                                'model_dtype': 'fp32',
(TaskRunner pid=527633)                                                'offload_policy': False,
(TaskRunner pid=527633)                                                'optimizer_offload': False,
(TaskRunner pid=527633)                                                'param_offload': False,
(TaskRunner pid=527633)                                                'qat': {'_target_': 'verl.workers.config.QATEngineConfig',
(TaskRunner pid=527633)                                                        'activation_observer': 'static_minmax',
(TaskRunner pid=527633)                                                        'enable': False,
(TaskRunner pid=527633)                                                        'group_size': 16,
(TaskRunner pid=527633)                                                        'ignore_patterns': ['lm_head',
(TaskRunner pid=527633)                                                                            'embed_tokens',
(TaskRunner pid=527633)                                                                            're:.*mlp.gate$'],
(TaskRunner pid=527633)                                                        'mode': 'w4a16',
(TaskRunner pid=527633)                                                        'quantization_config_path': None},
(TaskRunner pid=527633)                                                'reshard_after_forward': True,
(TaskRunner pid=527633)                                                'seed': 42,
(TaskRunner pid=527633)                                                'strategy': 'fsdp',
(TaskRunner pid=527633)                                                'ulysses_sequence_parallel_size': 1,
(TaskRunner pid=527633)                                                'use_orig_params': False,
(TaskRunner pid=527633)                                                'use_torch_compile': True,
(TaskRunner pid=527633)                                                'wrap_policy': {'min_num_params': 0}},
(TaskRunner pid=527633)                                'log_prob_max_token_len_per_gpu': 16384,
(TaskRunner pid=527633)                                'log_prob_micro_batch_size': None,
(TaskRunner pid=527633)                                'log_prob_micro_batch_size_per_gpu': None,
(TaskRunner pid=527633)                                'log_prob_use_dynamic_bsz': False,
(TaskRunner pid=527633)                                'profiler': {'_target_': 'verl.utils.profiler.ProfilerConfig',
(TaskRunner pid=527633)                                             'all_ranks': False,
(TaskRunner pid=527633)                                             'enable': False,
(TaskRunner pid=527633)                                             'ranks': [],
(TaskRunner pid=527633)                                             'save_path': 'outputs/profile',
(TaskRunner pid=527633)                                             'tool': None,
(TaskRunner pid=527633)                                             'tool_config': {'npu': {'_target_': 'verl.utils.profiler.config.NPUToolConfig',
(TaskRunner pid=527633)                                                                     'analysis': True,
(TaskRunner pid=527633)                                                                     'contents': [],
(TaskRunner pid=527633)                                                                     'discrete': False,
(TaskRunner pid=527633)                                                                     'level': 'level0'},
(TaskRunner pid=527633)                                                             'nsys': {'_target_': 'verl.utils.profiler.config.NsightToolConfig',
(TaskRunner pid=527633)                                                                      'discrete': False},
(TaskRunner pid=527633)                                                             'precision_debugger': {'_target_': 'verl.utils.profiler.config.PrecisionDebuggerToolConfig',
(TaskRunner pid=527633)                                                                                    'config_path': None,
(TaskRunner pid=527633)                                                                                    'stages': None,
(TaskRunner pid=527633)                                                                                    'steps': None,
(TaskRunner pid=527633)                                                                                    'strict': False},
(TaskRunner pid=527633)                                                             'torch': {'_target_': 'verl.utils.profiler.config.TorchProfilerToolConfig',
(TaskRunner pid=527633)                                                                       'contents': [],
(TaskRunner pid=527633)                                                                       'discrete': False,
(TaskRunner pid=527633)                                                                       'schedule': {'_target_': 'verl.utils.profiler.config.TorchProfilerScheduleConfig',
(TaskRunner pid=527633)                                                                                    'active': 0,
(TaskRunner pid=527633)                                                                                    'repeat': 0,
(TaskRunner pid=527633)                                                                                    'skip_first': 0,
(TaskRunner pid=527633)                                                                                    'wait': 0,
(TaskRunner pid=527633)                                                                                    'warmup': 0}},
(TaskRunner pid=527633)                                                             'torch_memory': {'_target_': 'verl.utils.profiler.config.TorchMemoryToolConfig',
(TaskRunner pid=527633)                                                                              'stack_depth': 32,
(TaskRunner pid=527633)                                                                              'trace_alloc_max_entries': 100000}}},
(TaskRunner pid=527633)                                'rollout_n': 2,
(TaskRunner pid=527633)                                'router_replay': {'_target_': 'verl.workers.config.RouterReplayConfig',
(TaskRunner pid=527633)                                                  'mode': 'disabled',
(TaskRunner pid=527633)                                                  'record_file': None,
(TaskRunner pid=527633)                                                  'replay_file': None},
(TaskRunner pid=527633)                                'strategy': 'fsdp',
(TaskRunner pid=527633)                                'ulysses_sequence_parallel_size': 1,
(TaskRunner pid=527633)                                'use_torch_compile': False},
(TaskRunner pid=527633)                        'rollout': {'_target_': 'verl.workers.config.RolloutConfig',
(TaskRunner pid=527633)                                    'agent': {'_target_': 'verl.workers.config.AgentLoopConfig',
(TaskRunner pid=527633)                                              'agent_loop_config_path': None,
(TaskRunner pid=527633)                                              'agent_loop_manager_class': 'verl.experimental.agent_loop.duplex_agent_loop.DuplexAgentLoopManager',
(TaskRunner pid=527633)                                              'custom_async_server': {'_target_': 'verl.workers.config.CustomAsyncServerConfig',
(TaskRunner pid=527633)                                                                      'name': None,
(TaskRunner pid=527633)                                                                      'path': None},
(TaskRunner pid=527633)                                              'default_agent_loop': 'single_turn_agent',
(TaskRunner pid=527633)                                              'num_workers': 1},
(TaskRunner pid=527633)                                    'calculate_log_probs': False,
(TaskRunner pid=527633)                                    'checkpoint_engine': {'_target_': 'verl.workers.config.CheckpointEngineConfig',
(TaskRunner pid=527633)                                                          'backend': 'naive',
(TaskRunner pid=527633)                                                          'custom_backend_module': None,
(TaskRunner pid=527633)                                                          'engine_kwargs': {},
(TaskRunner pid=527633)                                                          'update_weights_bucket_megabytes': 2048},
(TaskRunner pid=527633)                                    'cudagraph_capture_sizes': None,
(TaskRunner pid=527633)                                    'data_parallel_size': 1,
(TaskRunner pid=527633)                                    'disable_log_stats': True,
(TaskRunner pid=527633)                                    'disaggregation': {'bootstrap_port': None,
(TaskRunner pid=527633)                                                       'decode_replicas': 1,
(TaskRunner pid=527633)                                                       'decode_tensor_model_parallel_size': None,
(TaskRunner pid=527633)                                                       'enabled': False,
(TaskRunner pid=527633)                                                       'ib_device': None,
(TaskRunner pid=527633)                                                       'prefill_replicas': 1,
(TaskRunner pid=527633)                                                       'transfer_backend': 'nixl'},
(TaskRunner pid=527633)                                    'do_sample': True,
(TaskRunner pid=527633)                                    'dtype': 'bfloat16',
(TaskRunner pid=527633)                                    'duplex': {'chunk_seconds': 1.0,
(TaskRunner pid=527633)                                               'counterfactual_first_actions': True,
(TaskRunner pid=527633)                                               'init_tts': False,
(TaskRunner pid=527633)                                               'init_vision': False},
(TaskRunner pid=527633)                                    'enable_chunked_prefill': True,
(TaskRunner pid=527633)                                    'enable_prefix_caching': True,
(TaskRunner pid=527633)                                    'enable_rollout_routing_replay': False,
(TaskRunner pid=527633)                                    'enforce_eager': False,
(TaskRunner pid=527633)                                    'engine_kwargs': {'sglang': {},
(TaskRunner pid=527633)                                                      'trtllm': {},
(TaskRunner pid=527633)                                                      'vllm': {}},
(TaskRunner pid=527633)                                    'expert_parallel_size': 1,
(TaskRunner pid=527633)                                    'free_cache_engine': True,
(TaskRunner pid=527633)                                    'full_determinism': False,
(TaskRunner pid=527633)                                    'gpu_memory_utilization': 0.5,
(TaskRunner pid=527633)                                    'ignore_eos': False,
(TaskRunner pid=527633)                                    'layered_summon': False,
(TaskRunner pid=527633)                                    'load_format': 'dummy',
(TaskRunner pid=527633)                                    'log_prob_max_token_len_per_gpu': 16384,
(TaskRunner pid=527633)                                    'log_prob_micro_batch_size': None,
(TaskRunner pid=527633)                                    'log_prob_micro_batch_size_per_gpu': 1,
(TaskRunner pid=527633)                                    'log_prob_use_dynamic_bsz': False,
(TaskRunner pid=527633)                                    'logprobs_mode': 'processed_logprobs',
(TaskRunner pid=527633)                                    'max_model_len': 2048,
(TaskRunner pid=527633)                                    'max_num_batched_tokens': 8192,
(TaskRunner pid=527633)                                    'max_num_seqs': 1,
(TaskRunner pid=527633)                                    'mode': 'async',
(TaskRunner pid=527633)                                    'moe_load_balance_metrics_interval': 0,
(TaskRunner pid=527633)                                    'mtp': {'_target_': 'verl.workers.config.MtpConfig',
(TaskRunner pid=527633)                                            'detach_encoder': False,
(TaskRunner pid=527633)                                            'enable': False,
(TaskRunner pid=527633)                                            'enable_rollout': False,
(TaskRunner pid=527633)                                            'enable_train': False,
(TaskRunner pid=527633)                                            'method': 'mtp',
(TaskRunner pid=527633)                                            'mtp_loss_scaling_factor': 0.1,
(TaskRunner pid=527633)                                            'num_speculative_tokens': 1,
(TaskRunner pid=527633)                                            'speculative_algorithm': 'EAGLE',
(TaskRunner pid=527633)                                            'speculative_eagle_topk': 1,
(TaskRunner pid=527633)                                            'speculative_num_draft_tokens': 4,
(TaskRunner pid=527633)                                            'speculative_num_steps': 3},
(TaskRunner pid=527633)                                    'multi_stage_wake_up': False,
(TaskRunner pid=527633)                                    'multi_turn': {'_target_': 'verl.workers.config.MultiTurnConfig',
(TaskRunner pid=527633)                                                   'enable': False,
(TaskRunner pid=527633)                                                   'format': 'hermes',
(TaskRunner pid=527633)                                                   'function_tool_path': None,
(TaskRunner pid=527633)                                                   'max_assistant_turns': None,
(TaskRunner pid=527633)                                                   'max_parallel_calls': 1,
(TaskRunner pid=527633)                                                   'max_tool_response_length': 256,
(TaskRunner pid=527633)                                                   'max_user_turns': None,
(TaskRunner pid=527633)                                                   'num_repeat_rollouts': None,
(TaskRunner pid=527633)                                                   'tokenization_sanity_check_mode': 'strict',
(TaskRunner pid=527633)                                                   'tool_config_path': None,
(TaskRunner pid=527633)                                                   'tool_response_truncate_side': 'middle',
(TaskRunner pid=527633)                                                   'use_inference_chat_template': False},
(TaskRunner pid=527633)                                    'n': 2,
(TaskRunner pid=527633)                                    'n_gpus_per_node': 1,
(TaskRunner pid=527633)                                    'name': 'duplex',
(TaskRunner pid=527633)                                    'nnodes': 0,
(TaskRunner pid=527633)                                    'over_sample_rate': 0,
(TaskRunner pid=527633)                                    'pipeline_model_parallel_size': 1,
(TaskRunner pid=527633)                                    'profiler': {'_target_': 'verl.utils.profiler.ProfilerConfig',
(TaskRunner pid=527633)                                                 'all_ranks': False,
(TaskRunner pid=527633)                                                 'enable': False,
(TaskRunner pid=527633)                                                 'ranks': [],
(TaskRunner pid=527633)                                                 'save_path': 'outputs/profile',
(TaskRunner pid=527633)                                                 'tool': None,
(TaskRunner pid=527633)                                                 'tool_config': {'npu': {'_target_': 'verl.utils.profiler.config.NPUToolConfig',
(TaskRunner pid=527633)                                                                         'analysis': True,
(TaskRunner pid=527633)                                                                         'contents': [],
(TaskRunner pid=527633)                                                                         'discrete': False,
(TaskRunner pid=527633)                                                                         'level': 'level0',
(TaskRunner pid=527633)                                                                         'profile_token_end': None,
(TaskRunner pid=527633)                                                                         'profile_token_start': None},
(TaskRunner pid=527633)                                                                 'precision_debugger': {'_target_': 'verl.utils.profiler.config.PrecisionDebuggerToolConfig',
(TaskRunner pid=527633)                                                                                        'config_path': None,
(TaskRunner pid=527633)                                                                                        'stages': None,
(TaskRunner pid=527633)                                                                                        'steps': None,
(TaskRunner pid=527633)                                                                                        'strict': False},
(TaskRunner pid=527633)                                                                 'torch': {'_target_': 'verl.utils.profiler.config.TorchProfilerToolConfig',
(TaskRunner pid=527633)                                                                           'contents': [],
(TaskRunner pid=527633)                                                                           'discrete': False,
(TaskRunner pid=527633)                                                                           'profile_token_end': None,
(TaskRunner pid=527633)                                                                           'profile_token_start': None}}},
(TaskRunner pid=527633)                                    'prometheus': {'_target_': 'verl.workers.config.PrometheusConfig',
(TaskRunner pid=527633)                                                   'enable': False,
(TaskRunner pid=527633)                                                   'file': '/tmp/ray/session_latest/metrics/prometheus/prometheus.yml',
(TaskRunner pid=527633)                                                   'port': 9090,
(TaskRunner pid=527633)                                                   'served_model_name': 'openbmb/MiniCPM-o-4_5'},
(TaskRunner pid=527633)                                    'prompt_length': 64,
(TaskRunner pid=527633)                                    'qat': {'_target_': 'verl.workers.config.QATEngineConfig',
(TaskRunner pid=527633)                                            'activation_observer': 'static_minmax',
(TaskRunner pid=527633)                                            'enable': False,
(TaskRunner pid=527633)                                            'group_size': 16,
(TaskRunner pid=527633)                                            'ignore_patterns': ['lm_head',
(TaskRunner pid=527633)                                                                'embed_tokens',
(TaskRunner pid=527633)                                                                're:.*mlp.gate$'],
(TaskRunner pid=527633)                                            'mode': 'w4a16',
(TaskRunner pid=527633)                                            'quantization_config_path': None},
(TaskRunner pid=527633)                                    'quantization': None,
(TaskRunner pid=527633)                                    'quantization_config_file': None,
(TaskRunner pid=527633)                                    'response_length': 2048,
(TaskRunner pid=527633)                                    'scheduling_policy': 'fcfs',
(TaskRunner pid=527633)                                    'seed': 42,
(TaskRunner pid=527633)                                    'skip_tokenizer_init': True,
(TaskRunner pid=527633)                                    'temperature': 1.0,
(TaskRunner pid=527633)                                    'tensor_model_parallel_size': 1,
(TaskRunner pid=527633)                                    'top_k': -1,
(TaskRunner pid=527633)                                    'top_p': 1,
(TaskRunner pid=527633)                                    'trace': {'_target_': 'verl.workers.config.TraceConfig',
(TaskRunner pid=527633)                                              'backend': None,
(TaskRunner pid=527633)                                              'experiment_name': 'minicpmo45_full_grpo_gate',
(TaskRunner pid=527633)                                              'max_samples_per_step_per_worker': None,
(TaskRunner pid=527633)                                              'project_name': 'duplex_rl',
(TaskRunner pid=527633)                                              'token2text': False},
(TaskRunner pid=527633)                                    'val_kwargs': {'_target_': 'verl.workers.config.SamplingConfig',
(TaskRunner pid=527633)                                                   'do_sample': False,
(TaskRunner pid=527633)                                                   'n': 1,
(TaskRunner pid=527633)                                                   'temperature': 0,
(TaskRunner pid=527633)                                                   'top_k': -1,
(TaskRunner pid=527633)                                                   'top_p': 1.0}}},
(TaskRunner pid=527633)  'algorithm': {'_target_': 'verl.trainer.config.AlgoConfig',
(TaskRunner pid=527633)                'adv_estimator': 'grpo',
(TaskRunner pid=527633)                'filter_groups': {'_target_': 'verl.trainer.config.FilterGroupsConfig',
(TaskRunner pid=527633)                                  'enable': False,
(TaskRunner pid=527633)                                  'max_inflight_gen_batches': 1,
(TaskRunner pid=527633)                                  'max_num_gen_batches': 0,
(TaskRunner pid=527633)                                  'metric': None},
(TaskRunner pid=527633)                'gamma': 1.0,
(TaskRunner pid=527633)                'kl_ctrl': {'_target_': 'verl.trainer.config.KLControlConfig',
(TaskRunner pid=527633)                            'horizon': 10000,
(TaskRunner pid=527633)                            'kl_coef': 0.001,
(TaskRunner pid=527633)                            'target_kl': 0.1,
(TaskRunner pid=527633)                            'type': 'fixed'},
(TaskRunner pid=527633)                'kl_penalty': 'kl',
(TaskRunner pid=527633)                'lam': 1.0,
(TaskRunner pid=527633)                'norm_adv_by_std_in_grpo': True,
(TaskRunner pid=527633)                'pf_ppo': {'reweight_method': 'pow', 'weight_pow': 2.0},
(TaskRunner pid=527633)                'rollout_correction': {'bypass_mode': False,
(TaskRunner pid=527633)                                       'loss_type': 'ppo_clip',
(TaskRunner pid=527633)                                       'rollout_is': None,
(TaskRunner pid=527633)                                       'rollout_is_batch_normalize': False,
(TaskRunner pid=527633)                                       'rollout_is_threshold': 2.0,
(TaskRunner pid=527633)                                       'rollout_rs': None,
(TaskRunner pid=527633)                                       'rollout_rs_threshold': None},
(TaskRunner pid=527633)                'use_kl_in_reward': False,
(TaskRunner pid=527633)                'use_pf_ppo': False},
(TaskRunner pid=527633)  'critic': {'_target_': 'verl.workers.config.FSDPCriticConfig',
(TaskRunner pid=527633)             'checkpoint': {'_target_': 'verl.trainer.config.CheckpointConfig',
(TaskRunner pid=527633)                            'async_save': False,
(TaskRunner pid=527633)                            'load_contents': ['model', 'optimizer', 'extra'],
(TaskRunner pid=527633)                            'save_contents': ['model', 'optimizer', 'extra']},
(TaskRunner pid=527633)             'cliprange_value': 0.5,
(TaskRunner pid=527633)             'data_loader_seed': 42,
(TaskRunner pid=527633)             'enable': None,
(TaskRunner pid=527633)             'forward_max_token_len_per_gpu': 32768,
(TaskRunner pid=527633)             'forward_micro_batch_size': None,
(TaskRunner pid=527633)             'forward_micro_batch_size_per_gpu': None,
(TaskRunner pid=527633)             'fsdp': {'_target_': 'verl.workers.config.FSDPEngineConfig',
(TaskRunner pid=527633)                      'dtype': 'bfloat16',
(TaskRunner pid=527633)                      'entropy_checkpointing': False,
(TaskRunner pid=527633)                      'entropy_from_logits_chunk_size': 2048,
(TaskRunner pid=527633)                      'entropy_from_logits_with_chunking': False,
(TaskRunner pid=527633)                      'forward_only': False,
(TaskRunner pid=527633)                      'forward_prefetch': False,
(TaskRunner pid=527633)                      'fsdp_size': -1,
(TaskRunner pid=527633)                      'full_determinism': False,
(TaskRunner pid=527633)                      'model_dtype': 'fp32',
(TaskRunner pid=527633)                      'offload_policy': False,
(TaskRunner pid=527633)                      'optimizer_offload': False,
(TaskRunner pid=527633)                      'param_offload': False,
(TaskRunner pid=527633)                      'qat': {'_target_': 'verl.workers.config.QATEngineConfig',
(TaskRunner pid=527633)                              'activation_observer': 'static_minmax',
(TaskRunner pid=527633)                              'enable': False,
(TaskRunner pid=527633)                              'group_size': 16,
(TaskRunner pid=527633)                              'ignore_patterns': ['lm_head',
(TaskRunner pid=527633)                                                  'embed_tokens',
(TaskRunner pid=527633)                                                  're:.*mlp.gate$'],
(TaskRunner pid=527633)                              'mode': 'w4a16',
(TaskRunner pid=527633)                              'quantization_config_path': None},
(TaskRunner pid=527633)                      'reshard_after_forward': True,
(TaskRunner pid=527633)                      'seed': 42,
(TaskRunner pid=527633)                      'strategy': 'fsdp',
(TaskRunner pid=527633)                      'ulysses_sequence_parallel_size': 1,
(TaskRunner pid=527633)                      'use_orig_params': False,
(TaskRunner pid=527633)                      'use_torch_compile': True,
(TaskRunner pid=527633)                      'wrap_policy': {'min_num_params': 0}},
(TaskRunner pid=527633)             'grad_clip': 1.0,
(TaskRunner pid=527633)             'loss_agg_mode': 'token-mean',
(TaskRunner pid=527633)             'loss_scale_factor': None,
(TaskRunner pid=527633)             'model': {'_target_': 'verl.workers.config.HFModelConfig',
(TaskRunner pid=527633)                       'custom_chat_template': None,
(TaskRunner pid=527633)                       'enable_activation_offload': False,
(TaskRunner pid=527633)                       'enable_gradient_checkpointing': True,
(TaskRunner pid=527633)                       'exclude_modules': None,
(TaskRunner pid=527633)                       'external_lib': None,
(TaskRunner pid=527633)                       'fused_kernel_options': {'impl_backend': 'torch'},
(TaskRunner pid=527633)                       'hf_config_path': None,
(TaskRunner pid=527633)                       'lora': {'a2a_experimental': False,
(TaskRunner pid=527633)                                'adapter_path': None,
(TaskRunner pid=527633)                                'alpha': 32,
(TaskRunner pid=527633)                                'dropout': 0.0,
(TaskRunner pid=527633)                                'dropout_position': 'pre',
(TaskRunner pid=527633)                                'dtype': None,
(TaskRunner pid=527633)                                'exclude_modules': [],
(TaskRunner pid=527633)                                'freeze_language_model': True,
(TaskRunner pid=527633)                                'freeze_vision_model': True,
(TaskRunner pid=527633)                                'freeze_vision_projection': True,
(TaskRunner pid=527633)                                'lora_A_init_method': 'xavier',
(TaskRunner pid=527633)                                'lora_B_init_method': 'zero',
(TaskRunner pid=527633)                                'merge': False,
(TaskRunner pid=527633)                                'rank': 0,
(TaskRunner pid=527633)                                'target_modules': ['linear_qkv',
(TaskRunner pid=527633)                                                   'linear_proj',
(TaskRunner pid=527633)                                                   'linear_fc1',
(TaskRunner pid=527633)                                                   'linear_fc2'],
(TaskRunner pid=527633)                                'type': 'lora'},
(TaskRunner pid=527633)                       'lora_adapter_path': None,
(TaskRunner pid=527633)                       'lora_alpha': 16,
(TaskRunner pid=527633)                       'lora_rank': 0,
(TaskRunner pid=527633)                       'mtp': {'_target_': 'verl.workers.config.MtpConfig',
(TaskRunner pid=527633)                               'detach_encoder': False,
(TaskRunner pid=527633)                               'enable': False,
(TaskRunner pid=527633)                               'enable_rollout': False,
(TaskRunner pid=527633)                               'enable_train': False,
(TaskRunner pid=527633)                               'method': 'mtp',
(TaskRunner pid=527633)                               'mtp_loss_scaling_factor': 0.1,
(TaskRunner pid=527633)                               'num_speculative_tokens': 1,
(TaskRunner pid=527633)                               'speculative_algorithm': 'EAGLE',
(TaskRunner pid=527633)                               'speculative_eagle_topk': 1,
(TaskRunner pid=527633)                               'speculative_num_draft_tokens': 4,
(TaskRunner pid=527633)                               'speculative_num_steps': 3},
(TaskRunner pid=527633)                       'override_config': {},
(TaskRunner pid=527633)                       'path': '~/models/deepseek-llm-7b-chat',
(TaskRunner pid=527633)                       'target_modules': 'all-linear',
(TaskRunner pid=527633)                       'tiled_mlp': {'enabled': False, 'num_shards': 4},
(TaskRunner pid=527633)                       'tokenizer_path': None,
(TaskRunner pid=527633)                       'trust_remote_code': False,
(TaskRunner pid=527633)                       'use_fused_kernels': False,
(TaskRunner pid=527633)                       'use_liger': False,
(TaskRunner pid=527633)                       'use_remove_padding': True,
(TaskRunner pid=527633)                       'use_shm': False},
(TaskRunner pid=527633)             'optim': {'_target_': 'verl.workers.config.FSDPOptimizerConfig',
(TaskRunner pid=527633)                       'betas': [0.9, 0.999],
(TaskRunner pid=527633)                       'clip_grad': 1.0,
(TaskRunner pid=527633)                       'lr': 1e-05,
(TaskRunner pid=527633)                       'lr_scheduler_type': 'constant',
(TaskRunner pid=527633)                       'lr_warmup_steps': -1,
(TaskRunner pid=527633)                       'lr_warmup_steps_ratio': 0.0,
(TaskRunner pid=527633)                       'min_lr_ratio': 0.0,
(TaskRunner pid=527633)                       'num_cycles': 0.5,
(TaskRunner pid=527633)                       'optimizer': 'AdamW',
(TaskRunner pid=527633)                       'optimizer_impl': 'torch.optim',
(TaskRunner pid=527633)                       'override_optimizer_config': None,
(TaskRunner pid=527633)                       'total_training_steps': -1,
(TaskRunner pid=527633)                       'warmup_style': None,
(TaskRunner pid=527633)                       'weight_decay': 0.01,
(TaskRunner pid=527633)                       'zero_indexed_step': True},
(TaskRunner pid=527633)             'ppo_epochs': 1,
(TaskRunner pid=527633)             'ppo_max_token_len_per_gpu': 32768,
(TaskRunner pid=527633)             'ppo_micro_batch_size': None,
(TaskRunner pid=527633)             'ppo_micro_batch_size_per_gpu': None,
(TaskRunner pid=527633)             'ppo_mini_batch_size': 1,
(TaskRunner pid=527633)             'profiler': {'_target_': 'verl.utils.profiler.ProfilerConfig',
(TaskRunner pid=527633)                          'all_ranks': False,
(TaskRunner pid=527633)                          'enable': False,
(TaskRunner pid=527633)                          'ranks': [],
(TaskRunner pid=527633)                          'save_path': 'outputs/profile',
(TaskRunner pid=527633)                          'tool': None,
(TaskRunner pid=527633)                          'tool_config': {'npu': {'_target_': 'verl.utils.profiler.config.NPUToolConfig',
(TaskRunner pid=527633)                                                  'analysis': True,
(TaskRunner pid=527633)                                                  'contents': [],
(TaskRunner pid=527633)                                                  'discrete': False,
(TaskRunner pid=527633)                                                  'level': 'level0'},
(TaskRunner pid=527633)                                          'nsys': {'_target_': 'verl.utils.profiler.config.NsightToolConfig',
(TaskRunner pid=527633)                                                   'discrete': False},
(TaskRunner pid=527633)                                          'precision_debugger': {'_target_': 'verl.utils.profiler.config.PrecisionDebuggerToolConfig',
(TaskRunner pid=527633)                                                                 'config_path': None,
(TaskRunner pid=527633)                                                                 'stages': None,
(TaskRunner pid=527633)                                                                 'steps': None,
(TaskRunner pid=527633)                                                                 'strict': False},
(TaskRunner pid=527633)                                          'torch': {'_target_': 'verl.utils.profiler.config.TorchProfilerToolConfig',
(TaskRunner pid=527633)                                                    'contents': [],
(TaskRunner pid=527633)                                                    'discrete': False,
(TaskRunner pid=527633)                                                    'schedule': {'_target_': 'verl.utils.profiler.config.TorchProfilerScheduleConfig',
(TaskRunner pid=527633)                                                                 'active': 0,
(TaskRunner pid=527633)                                                                 'repeat': 0,
(TaskRunner pid=527633)                                                                 'skip_first': 0,
(TaskRunner pid=527633)                                                                 'wait': 0,
(TaskRunner pid=527633)                                                                 'warmup': 0}},
(TaskRunner pid=527633)                                          'torch_memory': {'_target_': 'verl.utils.profiler.config.TorchMemoryToolConfig',
(TaskRunner pid=527633)                                                           'stack_depth': 32,
(TaskRunner pid=527633)                                                           'trace_alloc_max_entries': 100000}}},
(TaskRunner pid=527633)             'rollout_n': 2,
(TaskRunner pid=527633)             'shuffle': False,
(TaskRunner pid=527633)             'strategy': 'fsdp',
(TaskRunner pid=527633)             'ulysses_sequence_parallel_size': 1,
(TaskRunner pid=527633)             'use_dynamic_bsz': False},
(TaskRunner pid=527633)  'custom_reward_function': {'name': None, 'path': None},
(TaskRunner pid=527633)  'data': {'apply_chat_template_kwargs': {},
(TaskRunner pid=527633)           'audio_key': 'audios',
(TaskRunner pid=527633)           'continuous_token': {'enable': False, 'model_family': 'auto'},
(TaskRunner pid=527633)           'custom_cls': {'name': None, 'path': None},
(TaskRunner pid=527633)           'dataloader_num_workers': 0,
(TaskRunner pid=527633)           'filter_overlong_prompts': False,
(TaskRunner pid=527633)           'filter_overlong_prompts_workers': 1,
(TaskRunner pid=527633)           'function_tool_path': None,
(TaskRunner pid=527633)           'gen_batch_size': None,
(TaskRunner pid=527633)           'image_key': 'images',
(TaskRunner pid=527633)           'image_patch_size': 14,
(TaskRunner pid=527633)           'max_prompt_length': 64,
(TaskRunner pid=527633)           'max_response_length': 2048,
(TaskRunner pid=527633)           'mm_processor_kwargs': {},
(TaskRunner pid=527633)           'prompt_key': 'prompt',
(TaskRunner pid=527633)           'return_full_prompt': False,
(TaskRunner pid=527633)           'return_multi_modal_inputs': False,
(TaskRunner pid=527633)           'return_raw_chat': True,
(TaskRunner pid=527633)           'return_raw_input_ids': False,
(TaskRunner pid=527633)           'reward_fn_key': 'data_source',
(TaskRunner pid=527633)           'seed': None,
(TaskRunner pid=527633)           'shuffle': False,
(TaskRunner pid=527633)           'tokenizer': None,
(TaskRunner pid=527633)           'tool_config_path': None,
(TaskRunner pid=527633)           'train_batch_size': 1,
(TaskRunner pid=527633)           'train_files': '/home/changyi.yang@liquid.ai/duplex_rl_data/trainer_gate.parquet',
(TaskRunner pid=527633)           'train_max_samples': -1,
(TaskRunner pid=527633)           'truncation': 'error',
(TaskRunner pid=527633)           'trust_remote_code': True,
(TaskRunner pid=527633)           'use_shm': False,
(TaskRunner pid=527633)           'val_batch_size': None,
(TaskRunner pid=527633)           'val_files': '/home/changyi.yang@liquid.ai/duplex_rl_data/trainer_gate.parquet',
(TaskRunner pid=527633)           'val_max_samples': -1,
(TaskRunner pid=527633)           'validation_shuffle': False,
(TaskRunner pid=527633)           'video_key': 'videos'},
(TaskRunner pid=527633)  'distillation': {'_target_': 'verl.workers.config.DistillationConfig',
(TaskRunner pid=527633)                   'distillation_loss': {'_target_': 'verl.workers.config.DistillationLossConfig',
(TaskRunner pid=527633)                                         'clip_ratio': 0.2,
(TaskRunner pid=527633)                                         'clip_ratio_high': 0.2,
(TaskRunner pid=527633)                                         'clip_ratio_low': 0.2,
(TaskRunner pid=527633)                                         'distillation_loss_coef': 1.0,
(TaskRunner pid=527633)                                         'log_prob_min_clamp': None,
(TaskRunner pid=527633)                                         'loss_max_clamp': None,
(TaskRunner pid=527633)                                         'loss_mode': 'k3',
(TaskRunner pid=527633)                                         'policy_loss_mode': 'vanilla',
(TaskRunner pid=527633)                                         'topk': 32,
(TaskRunner pid=527633)                                         'use_policy_gradient': False,
(TaskRunner pid=527633)                                         'use_task_rewards': True},
(TaskRunner pid=527633)                   'enabled': False,
(TaskRunner pid=527633)                   'n_gpus_per_node': 8,
(TaskRunner pid=527633)                   'nnodes': 0,
(TaskRunner pid=527633)                   'teacher_key': 'data_source',
(TaskRunner pid=527633)                   'teacher_models': {'teacher_model': {'_target_': 'verl.workers.config.DistillationTeacherModelConfig',
(TaskRunner pid=527633)                                                        'inference': {'_target_': 'verl.workers.config.RolloutConfig',
(TaskRunner pid=527633)                                                                      'cudagraph_capture_sizes': None,
(TaskRunner pid=527633)                                                                      'data_parallel_size': 1,
(TaskRunner pid=527633)                                                                      'disable_log_stats': True,
(TaskRunner pid=527633)                                                                      'dtype': 'bfloat16',
(TaskRunner pid=527633)                                                                      'enable_chunked_prefill': True,
(TaskRunner pid=527633)                                                                      'enable_prefix_caching': True,
(TaskRunner pid=527633)                                                                      'enforce_eager': True,
(TaskRunner pid=527633)                                                                      'engine_kwargs': {},
(TaskRunner pid=527633)                                                                      'expert_parallel_size': 1,
(TaskRunner pid=527633)                                                                      'free_cache_engine': True,
(TaskRunner pid=527633)                                                                      'gpu_memory_utilization': 0.5,
(TaskRunner pid=527633)                                                                      'limit_images': None,
(TaskRunner pid=527633)                                                                      'load_format': 'auto',
(TaskRunner pid=527633)                                                                      'max_model_len': None,
(TaskRunner pid=527633)                                                                      'max_num_batched_tokens': 8192,
(TaskRunner pid=527633)                                                                      'max_num_seqs': 1024,
(TaskRunner pid=527633)                                                                      'name': 'duplex',
(TaskRunner pid=527633)                                                                      'prompt_length': 64,
(TaskRunner pid=527633)                                                                      'response_length': 2048,
(TaskRunner pid=527633)                                                                      'skip_tokenizer_init': True,
(TaskRunner pid=527633)                                                                      'temperature': 1.0,
(TaskRunner pid=527633)                                                                      'tensor_model_parallel_size': 2},
(TaskRunner pid=527633)                                                        'key': None,
(TaskRunner pid=527633)                                                        'model_path': None,
(TaskRunner pid=527633)                                                        'num_replicas': 0}}},
(TaskRunner pid=527633)  'global_profiler': {'_target_': 'verl.utils.profiler.ProfilerConfig',
(TaskRunner pid=527633)                      'global_tool_config': {'nsys': {'_target_': 'verl.utils.profiler.config.NsightToolConfig',
(TaskRunner pid=527633)                                                      'controller_nsight_options': {'cuda-graph-trace': 'graph',
(TaskRunner pid=527633)                                                                                    'cuda-memory-usage': 'true',
(TaskRunner pid=527633)                                                                                    'trace': 'cuda,nvtx,cublas,ucx'},
(TaskRunner pid=527633)                                                      'discrete': False,
(TaskRunner pid=527633)                                                      'worker_nsight_options': {'capture-range': 'cudaProfilerApi',
(TaskRunner pid=527633)                                                                                'capture-range-end': None,
(TaskRunner pid=527633)                                                                                'cuda-graph-trace': 'graph',
(TaskRunner pid=527633)                                                                                'cuda-memory-usage': 'true',
(TaskRunner pid=527633)                                                                                'kill': 'none',
(TaskRunner pid=527633)                                                                                'trace': 'cuda,nvtx,cublas,ucx'}},
(TaskRunner pid=527633)                                             'precision_debugger': {'_target_': 'verl.utils.profiler.config.PrecisionDebuggerToolConfig',
(TaskRunner pid=527633)                                                                    'config_path': None,
(TaskRunner pid=527633)                                                                    'stages': None,
(TaskRunner pid=527633)                                                                    'steps': None,
(TaskRunner pid=527633)                                                                    'strict': False},
(TaskRunner pid=527633)                                             'torch_memory': {'context': 'all',
(TaskRunner pid=527633)                                                              'kw_args': {},
(TaskRunner pid=527633)                                                              'stack_depth': 32,
(TaskRunner pid=527633)                                                              'stacks': 'all',
(TaskRunner pid=527633)                                                              'trace_alloc_max_entries': 100000}},
(TaskRunner pid=527633)                      'profile_continuous_steps': False,
(TaskRunner pid=527633)                      'save_path': 'outputs/profile',
(TaskRunner pid=527633)                      'steps': None,
(TaskRunner pid=527633)                      'tool': None},
(TaskRunner pid=527633)  'model_engine': 'dp',
(TaskRunner pid=527633)  'ray_kwargs': {'ray_init': {'num_cpus': None}, 'timeline_json_file': None},
(TaskRunner pid=527633)  'reward': {'_target_': 'verl.workers.config.RewardConfig',
(TaskRunner pid=527633)             'custom_reward_function': {'name': 'compute_score', 'path': None},
(TaskRunner pid=527633)             'num_workers': 1,
(TaskRunner pid=527633)             'reward_manager': {'_target_': 'verl.workers.config.reward.RewardManagerConfig',
(TaskRunner pid=527633)                                'module': {'_target_': 'verl.trainer.config.config.ModuleConfig',
(TaskRunner pid=527633)                                           'name': 'custom_reward_manager',
(TaskRunner pid=527633)                                           'path': None},
(TaskRunner pid=527633)                                'name': 'duplex_window',
(TaskRunner pid=527633)                                'source': 'register'},
(TaskRunner pid=527633)             'reward_model': {'_target_': 'verl.workers.config.RewardModelConfig',
(TaskRunner pid=527633)                              'enable': False,
(TaskRunner pid=527633)                              'enable_resource_pool': False,
(TaskRunner pid=527633)                              'model_path': None,
(TaskRunner pid=527633)                              'n_gpus_per_node': 8,
(TaskRunner pid=527633)                              'nnodes': 0,
(TaskRunner pid=527633)                              'rollout': {'_target_': 'verl.workers.config.RolloutConfig',
(TaskRunner pid=527633)                                          'cudagraph_capture_sizes': None,
(TaskRunner pid=527633)                                          'data_parallel_size': 1,
(TaskRunner pid=527633)                                          'disable_log_stats': True,
(TaskRunner pid=527633)                                          'disaggregation': {'bootstrap_port': None,
(TaskRunner pid=527633)                                                             'decode_replicas': 1,
(TaskRunner pid=527633)                                                             'decode_tensor_model_parallel_size': None,
(TaskRunner pid=527633)                                                             'enabled': False,
(TaskRunner pid=527633)                                                             'ib_device': None,
(TaskRunner pid=527633)                                                             'prefill_replicas': 1,
(TaskRunner pid=527633)                                                             'transfer_backend': 'nixl'},
(TaskRunner pid=527633)                                          'do_sample': True,
(TaskRunner pid=527633)                                          'dtype': 'bfloat16',
(TaskRunner pid=527633)                                          'enable_chunked_prefill': True,
(TaskRunner pid=527633)                                          'enable_prefix_caching': True,
(TaskRunner pid=527633)                                          'enforce_eager': True,
(TaskRunner pid=527633)                                          'engine_kwargs': {},
(TaskRunner pid=527633)                                          'expert_parallel_size': 1,
(TaskRunner pid=527633)                                          'free_cache_engine': True,
(TaskRunner pid=527633)                                          'full_determinism': False,
(TaskRunner pid=527633)                                          'gpu_memory_utilization': 0.5,
(TaskRunner pid=527633)                                          'ignore_eos': False,
(TaskRunner pid=527633)                                          'layered_summon': False,
(TaskRunner pid=527633)                                          'limit_images': None,
(TaskRunner pid=527633)                                          'load_format': 'auto',
(TaskRunner pid=527633)                                          'max_model_len': None,
(TaskRunner pid=527633)                                          'max_num_batched_tokens': 8192,
(TaskRunner pid=527633)                                          'max_num_seqs': 1024,
(TaskRunner pid=527633)                                          'mtp': None,
(TaskRunner pid=527633)                                          'multi_stage_wake_up': False,
(TaskRunner pid=527633)                                          'n': 1,
(TaskRunner pid=527633)                                          'name': '???',
(TaskRunner pid=527633)                                          'pipeline_model_parallel_size': 1,
(TaskRunner pid=527633)                                          'prompt_length': 2048,
(TaskRunner pid=527633)                                          'quantization': None,
(TaskRunner pid=527633)                                          'quantization_config_file': None,
(TaskRunner pid=527633)                                          'response_length': 2048,
(TaskRunner pid=527633)                                          'scheduling_policy': 'fcfs',
(TaskRunner pid=527633)                                          'seed': 42,
(TaskRunner pid=527633)                                          'skip_tokenizer_init': False,
(TaskRunner pid=527633)                                          'temperature': 1.0,
(TaskRunner pid=527633)                                          'tensor_model_parallel_size': 2,
(TaskRunner pid=527633)                                          'top_k': -1,
(TaskRunner pid=527633)                                          'top_p': 1}},
(TaskRunner pid=527633)             'sandbox_fusion': {'_target_': 'verl.workers.config.SandboxFusionConfig',
(TaskRunner pid=527633)                                'max_concurrent': 64,
(TaskRunner pid=527633)                                'memory_limit_mb': 1024,
(TaskRunner pid=527633)                                'url': None}},
(TaskRunner pid=527633)  'reward_model': {'enable': None,
(TaskRunner pid=527633)                   'enable_resource_pool': None,
(TaskRunner pid=527633)                   'model': {'external_lib': None,
(TaskRunner pid=527633)                             'path': None,
(TaskRunner pid=527633)                             'trust_remote_code': None},
(TaskRunner pid=527633)                   'n_gpus_per_node': None,
(TaskRunner pid=527633)                   'nnodes': None,
(TaskRunner pid=527633)                   'num_workers': None,
(TaskRunner pid=527633)                   'reward_loop_class_name': None,
(TaskRunner pid=527633)                   'reward_loop_module_path': None,
(TaskRunner pid=527633)                   'reward_loop_source': None,
(TaskRunner pid=527633)                   'reward_manager': None,
(TaskRunner pid=527633)                   'rollout': {'cudagraph_capture_sizes': None,
(TaskRunner pid=527633)                               'data_parallel_size': None,
(TaskRunner pid=527633)                               'disable_log_stats': None,
(TaskRunner pid=527633)                               'dtype': None,
(TaskRunner pid=527633)                               'enable_chunked_prefill': None,
(TaskRunner pid=527633)                               'enable_prefix_caching': None,
(TaskRunner pid=527633)                               'enforce_eager': None,
(TaskRunner pid=527633)                               'engine_kwargs': None,
(TaskRunner pid=527633)                               'expert_parallel_size': None,
(TaskRunner pid=527633)                               'free_cache_engine': None,
(TaskRunner pid=527633)                               'gpu_memory_utilization': None,
(TaskRunner pid=527633)                               'limit_images': None,
(TaskRunner pid=527633)                               'load_format': None,
(TaskRunner pid=527633)                               'max_model_len': None,
(TaskRunner pid=527633)                               'max_num_batched_tokens': None,
(TaskRunner pid=527633)                               'max_num_seqs': None,
(TaskRunner pid=527633)                               'name': None,
(TaskRunner pid=527633)                               'prompt_length': None,
(TaskRunner pid=527633)                               'response_length': None,
(TaskRunner pid=527633)                               'skip_tokenizer_init': None,
(TaskRunner pid=527633)                               'tensor_model_parallel_size': None}},
(TaskRunner pid=527633)  'sandbox_fusion': {'max_concurrent': None,
(TaskRunner pid=527633)                     'memory_limit_mb': None,
(TaskRunner pid=527633)                     'url': None},
(TaskRunner pid=527633)  'skip': {'_target_': 'verl.utils.skip.SkipManagerConfig',
(TaskRunner pid=527633)           'async_rollout': {'action': 'cache',
(TaskRunner pid=527633)                             'dump_dir': '~/.verl/rollout_dump',
(TaskRunner pid=527633)                             'enable': False,
(TaskRunner pid=527633)                             'steps': []},
(TaskRunner pid=527633)           'rollout': {'action': 'cache',
(TaskRunner pid=527633)                       'dump_dir': '~/.verl/rollout_dump',
(TaskRunner pid=527633)                       'enable': False,
(TaskRunner pid=527633)                       'steps': []},
(TaskRunner pid=527633)           'rollout_tq': {'action': 'cache',
(TaskRunner pid=527633)                          'dump_dir': '~/.verl/rollout_dump',
(TaskRunner pid=527633)                          'enable': False,
(TaskRunner pid=527633)                          'steps': []}},
(TaskRunner pid=527633)  'trainer': {'balance_batch': False,
(TaskRunner pid=527633)              'critic_warmup': 0,
(TaskRunner pid=527633)              'default_hdfs_dir': None,
(TaskRunner pid=527633)              'default_local_dir': 'checkpoints/duplex_rl/minicpmo45_full_grpo_gate',
(TaskRunner pid=527633)              'del_local_ckpt_after_load': False,
(TaskRunner pid=527633)              'device': 'cuda',
(TaskRunner pid=527633)              'esi_redundant_time': 0,
(TaskRunner pid=527633)              'experiment_name': 'minicpmo45_full_grpo_gate',
(TaskRunner pid=527633)              'log_val_generations': 0,
(TaskRunner pid=527633)              'logger': ['console'],
(TaskRunner pid=527633)              'max_actor_ckpt_to_keep': None,
(TaskRunner pid=527633)              'max_critic_ckpt_to_keep': None,
(TaskRunner pid=527633)              'n_gpus_per_node': 1,
(TaskRunner pid=527633)              'nnodes': 1,
(TaskRunner pid=527633)              'project_name': 'duplex_rl',
(TaskRunner pid=527633)              'ray_wait_register_center_timeout': 300,
(TaskRunner pid=527633)              'resume_from_path': None,
(TaskRunner pid=527633)              'resume_mode': 'disable',
(TaskRunner pid=527633)              'rollout_data_dir': None,
(TaskRunner pid=527633)              'save_freq': -1,
(TaskRunner pid=527633)              'test_freq': -1,
(TaskRunner pid=527633)              'total_epochs': 1,
(TaskRunner pid=527633)              'total_training_steps': 2,
(TaskRunner pid=527633)              'use_v1': False,
(TaskRunner pid=527633)              'v1': {'colocate_async': {'num_warmup_batches': 1},
(TaskRunner pid=527633)                     'sampler': {'custom_sampler': {'name': None, 'path': None},
(TaskRunner pid=527633)                                 'max_off_policy_strategy': 'drop',
(TaskRunner pid=527633)                                 'max_off_policy_threshold': 8,
(TaskRunner pid=527633)                                 'sampler_kwargs': {},
(TaskRunner pid=527633)                                 'sync_refill_failed_groups': False},
(TaskRunner pid=527633)                     'separate_async': {'num_warmup_batches': 1,
(TaskRunner pid=527633)                                        'parameter_sync_step': 4},
(TaskRunner pid=527633)                     'sync': {},
(TaskRunner pid=527633)                     'trainer_mode': 'sync'},
(TaskRunner pid=527633)              'val_before_train': False,
(TaskRunner pid=527633)              'val_only': False,
(TaskRunner pid=527633)              'validation_data_dir': None},
(TaskRunner pid=527633)  'transfer_queue': {'backend': {'MooncakeStore': {'auto_init': False,
(TaskRunner pid=527633)                                                   'device_name': '',
(TaskRunner pid=527633)                                                   'global_segment_size': 4294967296,
(TaskRunner pid=527633)                                                   'local_buffer_size': 1073741824,
(TaskRunner pid=527633)                                                   'local_hostname': 'localhost',
(TaskRunner pid=527633)                                                   'master_server_address': 'localhost:50124',
(TaskRunner pid=527633)                                                   'metadata_server': 'localhost:50123',
(TaskRunner pid=527633)                                                   'protocol': 'tcp'},
(TaskRunner pid=527633)                                 'SimpleStorage': {'num_data_storage_units': 8,
(TaskRunner pid=527633)                                                   'total_storage_size': 100000},
(TaskRunner pid=527633)                                 'storage_backend': 'SimpleStorage'},
(TaskRunner pid=527633)                     'enable': False,
(TaskRunner pid=527633)                     'metrics': {'enabled': False, 'port': 0}}}
(TaskRunner pid=527633) /home/changyi.yang@liquid.ai/duplex-rl-wt/verl/trainer/main_ppo_v0.py:184: UserWarning: Disabled critic as algorithm.adv_estimator != gae. If it is not intended, please set critic.enable=True
(TaskRunner pid=527633)   use_critic=need_critic(config),
(TaskRunner pid=527633) [validate_config] All configuration checks passed successfully!
(TaskRunner pid=527633) A new version of the following files was downloaded from https://huggingface.co/openbmb/MiniCPM-o-4_5:
(TaskRunner pid=527633) - tokenization_minicpmo_fast.py
(TaskRunner pid=527633) . Make sure to double-check they do not contain any added malicious code. To avoid downloading new versions of the code file, you can pin a revision.
(TaskRunner pid=527633) A new version of the following files was downloaded from https://huggingface.co/openbmb/MiniCPM-o-4_5:
(TaskRunner pid=527633) - processing_minicpmo.py
(TaskRunner pid=527633) . Make sure to double-check they do not contain any added malicious code. To avoid downloading new versions of the code file, you can pin a revision.
(TaskRunner pid=527633) /home/changyi.yang@liquid.ai/.duplex_probe_min/transformers/models/auto/image_processing_auto.py:604: FutureWarning: The image_processor_class argument is deprecated and will be removed in v4.42. Please use `slow_image_processor_class`, or `fast_image_processor_class` instead
(TaskRunner pid=527633)   warnings.warn(
(TaskRunner pid=527633) `use_fast` is set to `True` but the image processor class does not have a fast version.  Falling back to the slow version.
(TaskRunner pid=527633) A new version of the following files was downloaded from https://huggingface.co/openbmb/MiniCPM-o-4_5:
(TaskRunner pid=527633) - modeling_navit_siglip.py
(TaskRunner pid=527633) . Make sure to double-check they do not contain any added malicious code. To avoid downloading new versions of the code file, you can pin a revision.
(TaskRunner pid=527633) A new version of the following files was downloaded from https://huggingface.co/openbmb/MiniCPM-o-4_5:
(TaskRunner pid=527633) - configuration_minicpmo.py
(TaskRunner pid=527633) - modeling_navit_siglip.py
(TaskRunner pid=527633) . Make sure to double-check they do not contain any added malicious code. To avoid downloading new versions of the code file, you can pin a revision.
(TaskRunner pid=527633) Using dataset class: RLHFDataset
(TaskRunner pid=527633) /home/changyi.yang@liquid.ai/duplex-rl-wt/verl/utils/tokenizer/tokenizer.py:242: UserWarning: Failed to create processor: Unsupported processor type: MiniCPMOProcessor. This may affect multimodal processing
(TaskRunner pid=527633)   warnings.warn(f"Failed to create processor: {e}. This may affect multimodal processing", stacklevel=1)
(TaskRunner pid=527633) dataset len: 2
(TaskRunner pid=527633) Using dataset class: RLHFDataset
(TaskRunner pid=527633) Generating train split: 0 examples [00:00, ? examples/s]Generating train split: 2 examples [00:00, 755.46 examples/s]
(TaskRunner pid=527633) dataset len: 2
(TaskRunner pid=527633) Size of train dataloader: 2, Size of val dataloader: 1
(TaskRunner pid=527633) Total training steps: 2
(TaskRunner pid=527633) colocated worker base class <class 'verl.single_controller.base.worker.Worker'>
(TaskRunner pid=527633) bind role actor_rollout method duplex_clear_kv_cache to class <class 'verl.single_controller.ray.base.create_colocated_worker_cls.<locals>.WorkerDict'>
(TaskRunner pid=527633) bind role actor_rollout method duplex_sleep to class <class 'verl.single_controller.ray.base.create_colocated_worker_cls.<locals>.WorkerDict'>
(TaskRunner pid=527633) bind role actor_rollout method duplex_wake_up to class <class 'verl.single_controller.ray.base.create_colocated_worker_cls.<locals>.WorkerDict'>
(TaskRunner pid=527633) bind role actor_rollout method generate to class <class 'verl.single_controller.ray.base.create_colocated_worker_cls.<locals>.WorkerDict'>
(TaskRunner pid=527633) /home/changyi.yang@liquid.ai/duplex-rl-wt/verl/trainer/main_ppo_v0.py:225: FutureWarning: Warning: Class 'verl.trainer.ppo.ray_trainer.RayPPOTrainer' is deprecated. Please use 'Legacy trainer is deprecated, and wil be removed in v0.9.0. Please use `trainer.use_v1=True` instead.' instead.
(TaskRunner pid=527633)   trainer = RayPPOTrainer(
(TaskRunner pid=527633) /home/changyi.yang@liquid.ai/duplex-rl-wt/verl/trainer/ppo/ray_trainer.py:348: UserWarning: Disabled critic as algorithm.adv_estimator != gae. If it is not intended, please set critic.enable=True
(TaskRunner pid=527633)   self.use_critic = need_critic(self.config)
(WorkerDict pid=528357) /home/changyi.yang@liquid.ai/.duplex_probe_min/transformers/models/auto/image_processing_auto.py:604: FutureWarning: The image_processor_class argument is deprecated and will be removed in v4.42. Please use `slow_image_processor_class`, or `fast_image_processor_class` instead
(WorkerDict pid=528357)   warnings.warn(
(WorkerDict pid=528357) Using a slow image processor as `use_fast` is unset and a slow processor was saved with this model. `use_fast=True` will be the default behavior in v4.52, even if the model was saved with a slow processor. This will result in minor differences in outputs. You'll still be able to use a slow processor with `use_fast=False`.
(WorkerDict pid=528357) /home/changyi.yang@liquid.ai/duplex-rl-wt/verl/utils/tokenizer/tokenizer.py:242: UserWarning: Failed to create processor: Unsupported processor type: MiniCPMOProcessor. This may affect multimodal processing
(WorkerDict pid=528357)   warnings.warn(f"Failed to create processor: {e}. This may affect multimodal processing", stacklevel=1)
(WorkerDict pid=528357) [Gloo] Rank 0 is connected to 0 peer ranks. Expected number of connected peer ranks is : 0
(WorkerDict pid=528357) Warning: pynvml not available, skipping NUMA affinity setup
(WorkerDict pid=528357) /home/changyi.yang@liquid.ai/duplex-rl-wt/verl/workers/engine/mindspeed/transformer_impl.py:24: UserWarning: NPU not support router replay for now.
(WorkerDict pid=528357)   from verl.utils.megatron.router_replay_patch import RouterReplay
(WorkerDict pid=528357) [aiter] import [module_aiter_core] under /sgl-workspace/aiter/aiter/jit/module_aiter_core.so
(WorkerDict pid=528357) A new version of the following files was downloaded from https://huggingface.co/openbmb/MiniCPM-o-4_5:
(WorkerDict pid=528357) - utils.py
(WorkerDict pid=528357) . Make sure to double-check they do not contain any added malicious code. To avoid downloading new versions of the code file, you can pin a revision.
(WorkerDict pid=528357) A new version of the following files was downloaded from https://huggingface.co/openbmb/MiniCPM-o-4_5:
(WorkerDict pid=528357) - modeling_minicpmo.py
(WorkerDict pid=528357) - utils.py
(WorkerDict pid=528357) . Make sure to double-check they do not contain any added malicious code. To avoid downloading new versions of the code file, you can pin a revision.
(WorkerDict pid=528357) Fetching 4 files:   0%|          | 0/4 [00:00<?, ?it/s]
(WorkerDict pid=528357) Fetching 4 files:  25%|██▌       | 1/4 [00:17<00:53, 17.98s/it]
(WorkerDict pid=528357) Fetching 4 files:  50%|█████     | 2/4 [00:18<00:18,  9.34s/it]
(WorkerDict pid=528357) Fetching 4 files:  75%|███████▌  | 3/4 [00:19<00:06,  6.54s/it]
(WorkerDict pid=528357) Fetching 4 files: 100%|██████████| 4/4 [00:20<00:00,  5.14s/it]Fetching 4 files: 100%|██████████| 4/4 [00:20<00:00,  5.14s/it]
(WorkerDict pid=528357) Loading checkpoint shards:   0%|          | 0/4 [00:00<?, ?it/s]
(WorkerDict pid=528357) Loading checkpoint shards: 100%|██████████| 4/4 [00:00<00:00, 84.42it/s]
(WorkerDict pid=528357) Some weights of the model checkpoint at openbmb/MiniCPM-o-4_5 were not used when initializing MiniCPMO: ['resampler.attn.in_proj_bias', 'resampler.attn.in_proj_weight', 'resampler.attn.out_proj.bias', 'resampler.attn.out_proj.weight', 'resampler.kv_proj.weight', 'resampler.ln_kv.bias', 'resampler.ln_kv.weight', 'resampler.ln_post.bias', 'resampler.ln_post.weight', 'resampler.ln_q.bias', 'resampler.ln_q.weight', 'resampler.proj', 'resampler.query', 'tts.emb_code.0.weight', 'tts.emb_text.weight', 'tts.head_code.0.parametrizations.weight.original0', 'tts.head_code.0.parametrizations.weight.original1', 'tts.model.embed_tokens.weight', 'tts.model.layers.0.input_layernorm.weight', 'tts.model.layers.0.mlp.down_proj.weight', 'tts.model.layers.0.mlp.gate_proj.weight', 'tts.model.layers.0.mlp.up_proj.weight', 'tts.model.layers.0.post_attention_layernorm.weight', 'tts.model.layers.0.self_attn.k_proj.weight', 'tts.model.layers.0.self_attn.o_proj.weight', 'tts.model.layers.0.self_attn.q_proj.weight', 'tts.model.layers.0.self_attn.v_proj.weight', 'tts.model.layers.1.input_layernorm.weight', 'tts.model.layers.1.mlp.down_proj.weight', 'tts.model.layers.1.mlp.gate_proj.weight', 'tts.model.layers.1.mlp.up_proj.weight', 'tts.model.layers.1.post_attention_layernorm.weight', 'tts.model.layers.1.self_attn.k_proj.weight', 'tts.model.layers.1.self_attn.o_proj.weight', 'tts.model.layers.1.self_attn.q_proj.weight', 'tts.model.layers.1.self_attn.v_proj.weight', 'tts.model.layers.10.input_layernorm.weight', 'tts.model.layers.10.mlp.down_proj.weight', 'tts.model.layers.10.mlp.gate_proj.weight', 'tts.model.layers.10.mlp.up_proj.weight', 'tts.model.layers.10.post_attention_layernorm.weight', 'tts.model.layers.10.self_attn.k_proj.weight', 'tts.model.layers.10.self_attn.o_proj.weight', 'tts.model.layers.10.self_attn.q_proj.weight', 'tts.model.layers.10.self_attn.v_proj.weight', 'tts.model.layers.11.input_layernorm.weight', 'tts.model.layers.11.mlp.down_proj.weight', 'tts.model.layers.11.mlp.gate_proj.weight', 'tts.model.layers.11.mlp.up_proj.weight', 'tts.model.layers.11.post_attention_layernorm.weight', 'tts.model.layers.11.self_attn.k_proj.weight', 'tts.model.layers.11.self_attn.o_proj.weight', 'tts.model.layers.11.self_attn.q_proj.weight', 'tts.model.layers.11.self_attn.v_proj.weight', 'tts.model.layers.12.input_layernorm.weight', 'tts.model.layers.12.mlp.down_proj.weight', 'tts.model.layers.12.mlp.gate_proj.weight', 'tts.model.layers.12.mlp.up_proj.weight', 'tts.model.layers.12.post_attention_layernorm.weight', 'tts.model.layers.12.self_attn.k_proj.weight', 'tts.model.layers.12.self_attn.o_proj.weight', 'tts.model.layers.12.self_attn.q_proj.weight', 'tts.model.layers.12.self_attn.v_proj.weight', 'tts.model.layers.13.input_layernorm.weight', 'tts.model.layers.13.mlp.down_proj.weight', 'tts.model.layers.13.mlp.gate_proj.weight', 'tts.model.layers.13.mlp.up_proj.weight', 'tts.model.layers.13.post_attention_layernorm.weight', 'tts.model.layers.13.self_attn.k_proj.weight', 'tts.model.layers.13.self_attn.o_proj.weight', 'tts.model.layers.13.self_attn.q_proj.weight', 'tts.model.layers.13.self_attn.v_proj.weight', 'tts.model.layers.14.input_layernorm.weight', 'tts.model.layers.14.mlp.down_proj.weight', 'tts.model.layers.14.mlp.gate_proj.weight', 'tts.model.layers.14.mlp.up_proj.weight', 'tts.model.layers.14.post_attention_layernorm.weight', 'tts.model.layers.14.self_attn.k_proj.weight', 'tts.model.layers.14.self_attn.o_proj.weight', 'tts.model.layers.14.self_attn.q_proj.weight', 'tts.model.layers.14.self_attn.v_proj.weight', 'tts.model.layers.15.input_layernorm.weight', 'tts.model.layers.15.mlp.down_proj.weight', 'tts.model.layers.15.mlp.gate_proj.weight', 'tts.model.layers.15.mlp.up_proj.weight', 'tts.model.layers.15.post_attention_layernorm.weight', 'tts.model.layers.15.self_attn.k_proj.weight', 'tts.model.layers.15.self_attn.o_proj.weight', 'tts.model.layers.15.self_attn.q_proj.weight', 'tts.model.layers.15.self_attn.v_proj.weight', 'tts.model.layers.16.input_layernorm.weight', 'tts.model.layers.16.mlp.down_proj.weight', 'tts.model.layers.16.mlp.gate_proj.weight', 'tts.model.layers.16.mlp.up_proj.weight', 'tts.model.layers.16.post_attention_layernorm.weight', 'tts.model.layers.16.self_attn.k_proj.weight', 'tts.model.layers.16.self_attn.o_proj.weight', 'tts.model.layers.16.self_attn.q_proj.weight', 'tts.model.layers.16.self_attn.v_proj.weight', 'tts.model.layers.17.input_layernorm.weight', 'tts.model.layers.17.mlp.down_proj.weight', 'tts.model.layers.17.mlp.gate_proj.weight', 'tts.model.layers.17.mlp.up_proj.weight', 'tts.model.layers.17.post_attention_layernorm.weight', 'tts.model.layers.17.self_attn.k_proj.weight', 'tts.model.layers.17.self_attn.o_proj.weight', 'tts.model.layers.17.self_attn.q_proj.weight', 'tts.model.layers.17.self_attn.v_proj.weight', 'tts.model.layers.18.input_layernorm.weight', 'tts.model.layers.18.mlp.down_proj.weight', 'tts.model.layers.18.mlp.gate_proj.weight', 'tts.model.layers.18.mlp.up_proj.weight', 'tts.model.layers.18.post_attention_layernorm.weight', 'tts.model.layers.18.self_attn.k_proj.weight', 'tts.model.layers.18.self_attn.o_proj.weight', 'tts.model.layers.18.self_attn.q_proj.weight', 'tts.model.layers.18.self_attn.v_proj.weight', 'tts.model.layers.19.input_layernorm.weight', 'tts.model.layers.19.mlp.down_proj.weight', 'tts.model.layers.19.mlp.gate_proj.weight', 'tts.model.layers.19.mlp.up_proj.weight', 'tts.model.layers.19.post_attention_layernorm.weight', 'tts.model.layers.19.self_attn.k_proj.weight', 'tts.model.layers.19.self_attn.o_proj.weight', 'tts.model.layers.19.self_attn.q_proj.weight', 'tts.model.layers.19.self_attn.v_proj.weight', 'tts.model.layers.2.input_layernorm.weight', 'tts.model.layers.2.mlp.down_proj.weight', 'tts.model.layers.2.mlp.gate_proj.weight', 'tts.model.layers.2.mlp.up_proj.weight', 'tts.model.layers.2.post_attention_layernorm.weight', 'tts.model.layers.2.self_attn.k_proj.weight', 'tts.model.layers.2.self_attn.o_proj.weight', 'tts.model.layers.2.self_attn.q_proj.weight', 'tts.model.layers.2.self_attn.v_proj.weight', 'tts.model.layers.3.input_layernorm.weight', 'tts.model.layers.3.mlp.down_proj.weight', 'tts.model.layers.3.mlp.gate_proj.weight', 'tts.model.layers.3.mlp.up_proj.weight', 'tts.model.layers.3.post_attention_layernorm.weight', 'tts.model.layers.3.self_attn.k_proj.weight', 'tts.model.layers.3.self_attn.o_proj.weight', 'tts.model.layers.3.self_attn.q_proj.weight', 'tts.model.layers.3.self_attn.v_proj.weight', 'tts.model.layers.4.input_layernorm.weight', 'tts.model.layers.4.mlp.down_proj.weight', 'tts.model.layers.4.mlp.gate_proj.weight', 'tts.model.layers.4.mlp.up_proj.weight', 'tts.model.layers.4.post_attention_layernorm.weight', 'tts.model.layers.4.self_attn.k_proj.weight', 'tts.model.layers.4.self_attn.o_proj.weight', 'tts.model.layers.4.self_attn.q_proj.weight', 'tts.model.layers.4.self_attn.v_proj.weight', 'tts.model.layers.5.input_layernorm.weight', 'tts.model.layers.5.mlp.down_proj.weight', 'tts.model.layers.5.mlp.gate_proj.weight', 'tts.model.layers.5.mlp.up_proj.weight', 'tts.model.layers.5.post_attention_layernorm.weight', 'tts.model.layers.5.self_attn.k_proj.weight', 'tts.model.layers.5.self_attn.o_proj.weight', 'tts.model.layers.5.self_attn.q_proj.weight', 'tts.model.layers.5.self_attn.v_proj.weight', 'tts.model.layers.6.input_layernorm.weight', 'tts.model.layers.6.mlp.down_proj.weight', 'tts.model.layers.6.mlp.gate_proj.weight', 'tts.model.layers.6.mlp.up_proj.weight', 'tts.model.layers.6.post_attention_layernorm.weight', 'tts.model.layers.6.self_attn.k_proj.weight', 'tts.model.layers.6.self_attn.o_proj.weight', 'tts.model.layers.6.self_attn.q_proj.weight', 'tts.model.layers.6.self_attn.v_proj.weight', 'tts.model.layers.7.input_layernorm.weight', 'tts.model.layers.7.mlp.down_proj.weight', 'tts.model.layers.7.mlp.gate_proj.weight', 'tts.model.layers.7.mlp.up_proj.weight', 'tts.model.layers.7.post_attention_layernorm.weight', 'tts.model.layers.7.self_attn.k_proj.weight', 'tts.model.layers.7.self_attn.o_proj.weight', 'tts.model.layers.7.self_attn.q_proj.weight', 'tts.model.layers.7.self_attn.v_proj.weight', 'tts.model.layers.8.input_layernorm.weight', 'tts.model.layers.8.mlp.down_proj.weight', 'tts.model.layers.8.mlp.gate_proj.weight', 'tts.model.layers.8.mlp.up_proj.weight', 'tts.model.layers.8.post_attention_layernorm.weight', 'tts.model.layers.8.self_attn.k_proj.weight', 'tts.model.layers.8.self_attn.o_proj.weight', 'tts.model.layers.8.self_attn.q_proj.weight', 'tts.model.layers.8.self_attn.v_proj.weight', 'tts.model.layers.9.input_layernorm.weight', 'tts.model.layers.9.mlp.down_proj.weight', 'tts.model.layers.9.mlp.gate_proj.weight', 'tts.model.layers.9.mlp.up_proj.weight', 'tts.model.layers.9.post_attention_layernorm.weight', 'tts.model.layers.9.self_attn.k_proj.weight', 'tts.model.layers.9.self_attn.o_proj.weight', 'tts.model.layers.9.self_attn.q_proj.weight', 'tts.model.layers.9.self_attn.v_proj.weight', 'tts.model.norm.weight', 'tts.projector_semantic.linear1.bias', 'tts.projector_semantic.linear1.weight', 'tts.projector_semantic.linear2.bias', 'tts.projector_semantic.linear2.weight', 'tts.projector_spk.linear1.bias', 'tts.projector_spk.linear1.weight', 'tts.projector_spk.linear2.bias', 'tts.projector_spk.linear2.weight', 'vpm.embeddings.patch_embedding.bias', 'vpm.embeddings.patch_embedding.weight', 'vpm.embeddings.position_embedding.weight', 'vpm.encoder.layers.0.layer_norm1.bias', 'vpm.encoder.layers.0.layer_norm1.weight', 'vpm.encoder.layers.0.layer_norm2.bias', 'vpm.encoder.layers.0.layer_norm2.weight', 'vpm.encoder.layers.0.mlp.fc1.bias', 'vpm.encoder.layers.0.mlp.fc1.weight', 'vpm.encoder.layers.0.mlp.fc2.bias', 'vpm.encoder.layers.0.mlp.fc2.weight', 'vpm.encoder.layers.0.self_attn.k_proj.bias', 'vpm.encoder.layers.0.self_attn.k_proj.weight', 'vpm.encoder.layers.0.self_attn.out_proj.bias', 'vpm.encoder.layers.0.self_attn.out_proj.weight', 'vpm.encoder.layers.0.self_attn.q_proj.bias', 'vpm.encoder.layers.0.self_attn.q_proj.weight', 'vpm.encoder.layers.0.self_attn.v_proj.bias', 'vpm.encoder.layers.0.self_attn.v_proj.weight', 'vpm.encoder.layers.1.layer_norm1.bias', 'vpm.encoder.layers.1.layer_norm1.weight', 'vpm.encoder.layers.1.layer_norm2.bias', 'vpm.encoder.layers.1.layer_norm2.weight', 'vpm.encoder.layers.1.mlp.fc1.bias', 'vpm.encoder.layers.1.mlp.fc1.weight', 'vpm.encoder.layers.1.mlp.fc2.bias', 'vpm.encoder.layers.1.mlp.fc2.weight', 'vpm.encoder.layers.1.self_attn.k_proj.bias', 'vpm.encoder.layers.1.self_attn.k_proj.weight', 'vpm.encoder.layers.1.self_attn.out_proj.bias', 'vpm.encoder.layers.1.self_attn.out_proj.weight', 'vpm.encoder.layers.1.self_attn.q_proj.bias', 'vpm.encoder.layers.1.self_attn.q_proj.weight', 'vpm.encoder.layers.1.self_attn.v_proj.bias', 'vpm.encoder.layers.1.self_attn.v_proj.weight', 'vpm.encoder.layers.10.layer_norm1.bias', 'vpm.encoder.layers.10.layer_norm1.weight', 'vpm.encoder.layers.10.layer_norm2.bias', 'vpm.encoder.layers.10.layer_norm2.weight', 'vpm.encoder.layers.10.mlp.fc1.bias', 'vpm.encoder.layers.10.mlp.fc1.weight', 'vpm.encoder.layers.10.mlp.fc2.bias', 'vpm.encoder.layers.10.mlp.fc2.weight', 'vpm.encoder.layers.10.self_attn.k_proj.bias', 'vpm.encoder.layers.10.self_attn.k_proj.weight', 'vpm.encoder.layers.10.self_attn.out_proj.bias', 'vpm.encoder.layers.10.self_attn.out_proj.weight', 'vpm.encoder.layers.10.self_attn.q_proj.bias', 'vpm.encoder.layers.10.self_attn.q_proj.weight', 'vpm.encoder.layers.10.self_attn.v_proj.bias', 'vpm.encoder.layers.10.self_attn.v_proj.weight', 'vpm.encoder.layers.11.layer_norm1.bias', 'vpm.encoder.layers.11.layer_norm1.weight', 'vpm.encoder.layers.11.layer_norm2.bias', 'vpm.encoder.layers.11.layer_norm2.weight', 'vpm.encoder.layers.11.mlp.fc1.bias', 'vpm.encoder.layers.11.mlp.fc1.weight', 'vpm.encoder.layers.11.mlp.fc2.bias', 'vpm.encoder.layers.11.mlp.fc2.weight', 'vpm.encoder.layers.11.self_attn.k_proj.bias', 'vpm.encoder.layers.11.self_attn.k_proj.weight', 'vpm.encoder.layers.11.self_attn.out_proj.bias', 'vpm.encoder.layers.11.self_attn.out_proj.weight', 'vpm.encoder.layers.11.self_attn.q_proj.bias', 'vpm.encoder.layers.11.self_attn.q_proj.weight', 'vpm.encoder.layers.11.self_attn.v_proj.bias', 'vpm.encoder.layers.11.self_attn.v_proj.weight', 'vpm.encoder.layers.12.layer_norm1.bias', 'vpm.encoder.layers.12.layer_norm1.weight', 'vpm.encoder.layers.12.layer_norm2.bias', 'vpm.encoder.layers.12.layer_norm2.weight', 'vpm.encoder.layers.12.mlp.fc1.bias', 'vpm.encoder.layers.12.mlp.fc1.weight', 'vpm.encoder.layers.12.mlp.fc2.bias', 'vpm.encoder.layers.12.mlp.fc2.weight', 'vpm.encoder.layers.12.self_attn.k_proj.bias', 'vpm.encoder.layers.12.self_attn.k_proj.weight', 'vpm.encoder.layers.12.self_attn.out_proj.bias', 'vpm.encoder.layers.12.self_attn.out_proj.weight', 'vpm.encoder.layers.12.self_attn.q_proj.bias', 'vpm.encoder.layers.12.self_attn.q_proj.weight', 'vpm.encoder.layers.12.self_attn.v_proj.bias', 'vpm.encoder.layers.12.self_attn.v_proj.weight', 'vpm.encoder.layers.13.layer_norm1.bias', 'vpm.encoder.layers.13.layer_norm1.weight', 'vpm.encoder.layers.13.layer_norm2.bias', 'vpm.encoder.layers.13.layer_norm2.weight', 'vpm.encoder.layers.13.mlp.fc1.bias', 'vpm.encoder.layers.13.mlp.fc1.weight', 'vpm.encoder.layers.13.mlp.fc2.bias', 'vpm.encoder.layers.13.mlp.fc2.weight', 'vpm.encoder.layers.13.self_attn.k_proj.bias', 'vpm.encoder.layers.13.self_attn.k_proj.weight', 'vpm.encoder.layers.13.self_attn.out_proj.bias', 'vpm.encoder.layers.13.self_attn.out_proj.weight', 'vpm.encoder.layers.13.self_attn.q_proj.bias', 'vpm.encoder.layers.13.self_attn.q_proj.weight', 'vpm.encoder.layers.13.self_attn.v_proj.bias', 'vpm.encoder.layers.13.self_attn.v_proj.weight', 'vpm.encoder.layers.14.layer_norm1.bias', 'vpm.encoder.layers.14.layer_norm1.weight', 'vpm.encoder.layers.14.layer_norm2.bias', 'vpm.encoder.layers.14.layer_norm2.weight', 'vpm.encoder.layers.14.mlp.fc1.bias', 'vpm.encoder.layers.14.mlp.fc1.weight', 'vpm.encoder.layers.14.mlp.fc2.bias', 'vpm.encoder.layers.14.mlp.fc2.weight', 'vpm.encoder.layers.14.self_attn.k_proj.bias', 'vpm.encoder.layers.14.self_attn.k_proj.weight', 'vpm.encoder.layers.14.self_attn.out_proj.bias', 'vpm.encoder.layers.14.self_attn.out_proj.weight', 'vpm.encoder.layers.14.self_attn.q_proj.bias', 'vpm.encoder.layers.14.self_attn.q_proj.weight', 'vpm.encoder.layers.14.self_attn.v_proj.bias', 'vpm.encoder.layers.14.self_attn.v_proj.weight', 'vpm.encoder.layers.15.layer_norm1.bias', 'vpm.encoder.layers.15.layer_norm1.weight', 'vpm.encoder.layers.15.layer_norm2.bias', 'vpm.encoder.layers.15.layer_norm2.weight', 'vpm.encoder.layers.15.mlp.fc1.bias', 'vpm.encoder.layers.15.mlp.fc1.weight', 'vpm.encoder.layers.15.mlp.fc2.bias', 'vpm.encoder.layers.15.mlp.fc2.weight', 'vpm.encoder.layers.15.self_attn.k_proj.bias', 'vpm.encoder.layers.15.self_attn.k_proj.weight', 'vpm.encoder.layers.15.self_attn.out_proj.bias', 'vpm.encoder.layers.15.self_attn.out_proj.weight', 'vpm.encoder.layers.15.self_attn.q_proj.bias', 'vpm.encoder.layers.15.self_attn.q_proj.weight', 'vpm.encoder.layers.15.self_attn.v_proj.bias', 'vpm.encoder.layers.15.self_attn.v_proj.weight', 'vpm.encoder.layers.16.layer_norm1.bias', 'vpm.encoder.layers.16.layer_norm1.weight', 'vpm.encoder.layers.16.layer_norm2.bias', 'vpm.encoder.layers.16.layer_norm2.weight', 'vpm.encoder.layers.16.mlp.fc1.bias', 'vpm.encoder.layers.16.mlp.fc1.weight', 'vpm.encoder.layers.16.mlp.fc2.bias', 'vpm.encoder.layers.16.mlp.fc2.weight', 'vpm.encoder.layers.16.self_attn.k_proj.bias', 'vpm.encoder.layers.16.self_attn.k_proj.weight', 'vpm.encoder.layers.16.self_attn.out_proj.bias', 'vpm.encoder.layers.16.self_attn.out_proj.weight', 'vpm.encoder.layers.16.self_attn.q_proj.bias', 'vpm.encoder.layers.16.self_attn.q_proj.weight', 'vpm.encoder.layers.16.self_attn.v_proj.bias', 'vpm.encoder.layers.16.self_attn.v_proj.weight', 'vpm.encoder.layers.17.layer_norm1.bias', 'vpm.encoder.layers.17.layer_norm1.weight', 'vpm.encoder.layers.17.layer_norm2.bias', 'vpm.encoder.layers.17.layer_norm2.weight', 'vpm.encoder.layers.17.mlp.fc1.bias', 'vpm.encoder.layers.17.mlp.fc1.weight', 'vpm.encoder.layers.17.mlp.fc2.bias', 'vpm.encoder.layers.17.mlp.fc2.weight', 'vpm.encoder.layers.17.self_attn.k_proj.bias', 'vpm.encoder.layers.17.self_attn.k_proj.weight', 'vpm.encoder.layers.17.self_attn.out_proj.bias', 'vpm.encoder.layers.17.self_attn.out_proj.weight', 'vpm.encoder.layers.17.self_attn.q_proj.bias', 'vpm.encoder.layers.17.self_attn.q_proj.weight', 'vpm.encoder.layers.17.self_attn.v_proj.bias', 'vpm.encoder.layers.17.self_attn.v_proj.weight', 'vpm.encoder.layers.18.layer_norm1.bias', 'vpm.encoder.layers.18.layer_norm1.weight', 'vpm.encoder.layers.18.layer_norm2.bias', 'vpm.encoder.layers.18.layer_norm2.weight', 'vpm.encoder.layers.18.mlp.fc1.bias', 'vpm.encoder.layers.18.mlp.fc1.weight', 'vpm.encoder.layers.18.mlp.fc2.bias', 'vpm.encoder.layers.18.mlp.fc2.weight', 'vpm.encoder.layers.18.self_attn.k_proj.bias', 'vpm.encoder.layers.18.self_attn.k_proj.weight', 'vpm.encoder.layers.18.self_attn.out_proj.bias', 'vpm.encoder.layers.18.self_attn.out_proj.weight', 'vpm.encoder.layers.18.self_attn.q_proj.bias', 'vpm.encoder.layers.18.self_attn.q_proj.weight', 'vpm.encoder.layers.18.self_attn.v_proj.bias', 'vpm.encoder.layers.18.self_attn.v_proj.weight', 'vpm.encoder.layers.19.layer_norm1.bias', 'vpm.encoder.layers.19.layer_norm1.weight', 'vpm.encoder.layers.19.layer_norm2.bias', 'vpm.encoder.layers.19.layer_norm2.weight', 'vpm.encoder.layers.19.mlp.fc1.bias', 'vpm.encoder.layers.19.mlp.fc1.weight', 'vpm.encoder.layers.19.mlp.fc2.bias', 'vpm.encoder.layers.19.mlp.fc2.weight', 'vpm.encoder.layers.19.self_attn.k_proj.bias', 'vpm.encoder.layers.19.self_attn.k_proj.weight', 'vpm.encoder.layers.19.self_attn.out_proj.bias', 'vpm.encoder.layers.19.self_attn.out_proj.weight', 'vpm.encoder.layers.19.self_attn.q_proj.bias', 'vpm.encoder.layers.19.self_attn.q_proj.weight', 'vpm.encoder.layers.19.self_attn.v_proj.bias', 'vpm.encoder.layers.19.self_attn.v_proj.weight', 'vpm.encoder.layers.2.layer_norm1.bias', 'vpm.encoder.layers.2.layer_norm1.weight', 'vpm.encoder.layers.2.layer_norm2.bias', 'vpm.encoder.layers.2.layer_norm2.weight', 'vpm.encoder.layers.2.mlp.fc1.bias', 'vpm.encoder.layers.2.mlp.fc1.weight', 'vpm.encoder.layers.2.mlp.fc2.bias', 'vpm.encoder.layers.2.mlp.fc2.weight', 'vpm.encoder.layers.2.self_attn.k_proj.bias', 'vpm.encoder.layers.2.self_attn.k_proj.weight', 'vpm.encoder.layers.2.self_attn.out_proj.bias', 'vpm.encoder.layers.2.self_attn.out_proj.weight', 'vpm.encoder.layers.2.self_attn.q_proj.bias', 'vpm.encoder.layers.2.self_attn.q_proj.weight', 'vpm.encoder.layers.2.self_attn.v_proj.bias', 'vpm.encoder.layers.2.self_attn.v_proj.weight', 'vpm.encoder.layers.20.layer_norm1.bias', 'vpm.encoder.layers.20.layer_norm1.weight', 'vpm.encoder.layers.20.layer_norm2.bias', 'vpm.encoder.layers.20.layer_norm2.weight', 'vpm.encoder.layers.20.mlp.fc1.bias', 'vpm.encoder.layers.20.mlp.fc1.weight', 'vpm.encoder.layers.20.mlp.fc2.bias', 'vpm.encoder.layers.20.mlp.fc2.weight', 'vpm.encoder.layers.20.self_attn.k_proj.bias', 'vpm.encoder.layers.20.self_attn.k_proj.weight', 'vpm.encoder.layers.20.self_attn.out_proj.bias', 'vpm.encoder.layers.20.self_attn.out_proj.weight', 'vpm.encoder.layers.20.self_attn.q_proj.bias', 'vpm.encoder.layers.20.self_attn.q_proj.weight', 'vpm.encoder.layers.20.self_attn.v_proj.bias', 'vpm.encoder.layers.20.self_attn.v_proj.weight', 'vpm.encoder.layers.21.layer_norm1.bias', 'vpm.encoder.layers.21.layer_norm1.weight', 'vpm.encoder.layers.21.layer_norm2.bias', 'vpm.encoder.layers.21.layer_norm2.weight', 'vpm.encoder.layers.21.mlp.fc1.bias', 'vpm.encoder.layers.21.mlp.fc1.weight', 'vpm.encoder.layers.21.mlp.fc2.bias', 'vpm.encoder.layers.21.mlp.fc2.weight', 'vpm.encoder.layers.21.self_attn.k_proj.bias', 'vpm.encoder.layers.21.self_attn.k_proj.weight', 'vpm.encoder.layers.21.self_attn.out_proj.bias', 'vpm.encoder.layers.21.self_attn.out_proj.weight', 'vpm.encoder.layers.21.self_attn.q_proj.bias', 'vpm.encoder.layers.21.self_attn.q_proj.weight', 'vpm.encoder.layers.21.self_attn.v_proj.bias', 'vpm.encoder.layers.21.self_attn.v_proj.weight', 'vpm.encoder.layers.22.layer_norm1.bias', 'vpm.encoder.layers.22.layer_norm1.weight', 'vpm.encoder.layers.22.layer_norm2.bias', 'vpm.encoder.layers.22.layer_norm2.weight', 'vpm.encoder.layers.22.mlp.fc1.bias', 'vpm.encoder.layers.22.mlp.fc1.weight', 'vpm.encoder.layers.22.mlp.fc2.bias', 'vpm.encoder.layers.22.mlp.fc2.weight', 'vpm.encoder.layers.22.self_attn.k_proj.bias', 'vpm.encoder.layers.22.self_attn.k_proj.weight', 'vpm.encoder.layers.22.self_attn.out_proj.bias', 'vpm.encoder.layers.22.self_attn.out_proj.weight', 'vpm.encoder.layers.22.self_attn.q_proj.bias', 'vpm.encoder.layers.22.self_attn.q_proj.weight', 'vpm.encoder.layers.22.self_attn.v_proj.bias', 'vpm.encoder.layers.22.self_attn.v_proj.weight', 'vpm.encoder.layers.23.layer_norm1.bias', 'vpm.encoder.layers.23.layer_norm1.weight', 'vpm.encoder.layers.23.layer_norm2.bias', 'vpm.encoder.layers.23.layer_norm2.weight', 'vpm.encoder.layers.23.mlp.fc1.bias', 'vpm.encoder.layers.23.mlp.fc1.weight', 'vpm.encoder.layers.23.mlp.fc2.bias', 'vpm.encoder.layers.23.mlp.fc2.weight', 'vpm.encoder.layers.23.self_attn.k_proj.bias', 'vpm.encoder.layers.23.self_attn.k_proj.weight', 'vpm.encoder.layers.23.self_attn.out_proj.bias', 'vpm.encoder.layers.23.self_attn.out_proj.weight', 'vpm.encoder.layers.23.self_attn.q_proj.bias', 'vpm.encoder.layers.23.self_attn.q_proj.weight', 'vpm.encoder.layers.23.self_attn.v_proj.bias', 'vpm.encoder.layers.23.self_attn.v_proj.weight', 'vpm.encoder.layers.24.layer_norm1.bias', 'vpm.encoder.layers.24.layer_norm1.weight', 'vpm.encoder.layers.24.layer_norm2.bias', 'vpm.encoder.layers.24.layer_norm2.weight', 'vpm.encoder.layers.24.mlp.fc1.bias', 'vpm.encoder.layers.24.mlp.fc1.weight', 'vpm.encoder.layers.24.mlp.fc2.bias', 'vpm.encoder.layers.24.mlp.fc2.weight', 'vpm.encoder.layers.24.self_attn.k_proj.bias', 'vpm.encoder.layers.24.self_attn.k_proj.weight', 'vpm.encoder.layers.24.self_attn.out_proj.bias', 'vpm.encoder.layers.24.self_attn.out_proj.weight', 'vpm.encoder.layers.24.self_attn.q_proj.bias', 'vpm.encoder.layers.24.self_attn.q_proj.weight', 'vpm.encoder.layers.24.self_attn.v_proj.bias', 'vpm.encoder.layers.24.self_attn.v_proj.weight', 'vpm.encoder.layers.25.layer_norm1.bias', 'vpm.encoder.layers.25.layer_norm1.weight', 'vpm.encoder.layers.25.layer_norm2.bias', 'vpm.encoder.layers.25.layer_norm2.weight', 'vpm.encoder.layers.25.mlp.fc1.bias', 'vpm.encoder.layers.25.mlp.fc1.weight', 'vpm.encoder.layers.25.mlp.fc2.bias', 'vpm.encoder.layers.25.mlp.fc2.weight', 'vpm.encoder.layers.25.self_attn.k_proj.bias', 'vpm.encoder.layers.25.self_attn.k_proj.weight', 'vpm.encoder.layers.25.self_attn.out_proj.bias', 'vpm.encoder.layers.25.self_attn.out_proj.weight', 'vpm.encoder.layers.25.self_attn.q_proj.bias', 'vpm.encoder.layers.25.self_attn.q_proj.weight', 'vpm.encoder.layers.25.self_attn.v_proj.bias', 'vpm.encoder.layers.25.self_attn.v_proj.weight', 'vpm.encoder.layers.26.layer_norm1.bias', 'vpm.encoder.layers.26.layer_norm1.weight', 'vpm.encoder.layers.26.layer_norm2.bias', 'vpm.encoder.layers.26.layer_norm2.weight', 'vpm.encoder.layers.26.mlp.fc1.bias', 'vpm.encoder.layers.26.mlp.fc1.weight', 'vpm.encoder.layers.26.mlp.fc2.bias', 'vpm.encoder.layers.26.mlp.fc2.weight', 'vpm.encoder.layers.26.self_attn.k_proj.bias', 'vpm.encoder.layers.26.self_attn.k_proj.weight', 'vpm.encoder.layers.26.self_attn.out_proj.bias', 'vpm.encoder.layers.26.self_attn.out_proj.weight', 'vpm.encoder.layers.26.self_attn.q_proj.bias', 'vpm.encoder.layers.26.self_attn.q_proj.weight', 'vpm.encoder.layers.26.self_attn.v_proj.bias', 'vpm.encoder.layers.26.self_attn.v_proj.weight', 'vpm.encoder.layers.3.layer_norm1.bias', 'vpm.encoder.layers.3.layer_norm1.weight', 'vpm.encoder.layers.3.layer_norm2.bias', 'vpm.encoder.layers.3.layer_norm2.weight', 'vpm.encoder.layers.3.mlp.fc1.bias', 'vpm.encoder.layers.3.mlp.fc1.weight', 'vpm.encoder.layers.3.mlp.fc2.bias', 'vpm.encoder.layers.3.mlp.fc2.weight', 'vpm.encoder.layers.3.self_attn.k_proj.bias', 'vpm.encoder.layers.3.self_attn.k_proj.weight', 'vpm.encoder.layers.3.self_attn.out_proj.bias', 'vpm.encoder.layers.3.self_attn.out_proj.weight', 'vpm.encoder.layers.3.self_attn.q_proj.bias', 'vpm.encoder.layers.3.self_attn.q_proj.weight', 'vpm.encoder.layers.3.self_attn.v_proj.bias', 'vpm.encoder.layers.3.self_attn.v_proj.weight', 'vpm.encoder.layers.4.layer_norm1.bias', 'vpm.encoder.layers.4.layer_norm1.weight', 'vpm.encoder.layers.4.layer_norm2.bias', 'vpm.encoder.layers.4.layer_norm2.weight', 'vpm.encoder.layers.4.mlp.fc1.bias', 'vpm.encoder.layers.4.mlp.fc1.weight', 'vpm.encoder.layers.4.mlp.fc2.bias', 'vpm.encoder.layers.4.mlp.fc2.weight', 'vpm.encoder.layers.4.self_attn.k_proj.bias', 'vpm.encoder.layers.4.self_attn.k_proj.weight', 'vpm.encoder.layers.4.self_attn.out_proj.bias', 'vpm.encoder.layers.4.self_attn.out_proj.weight', 'vpm.encoder.layers.4.self_attn.q_proj.bias', 'vpm.encoder.layers.4.self_attn.q_proj.weight', 'vpm.encoder.layers.4.self_attn.v_proj.bias', 'vpm.encoder.layers.4.self_attn.v_proj.weight', 'vpm.encoder.layers.5.layer_norm1.bias', 'vpm.encoder.layers.5.layer_norm1.weight', 'vpm.encoder.layers.5.layer_norm2.bias', 'vpm.encoder.layers.5.layer_norm2.weight', 'vpm.encoder.layers.5.mlp.fc1.bias', 'vpm.encoder.layers.5.mlp.fc1.weight', 'vpm.encoder.layers.5.mlp.fc2.bias', 'vpm.encoder.layers.5.mlp.fc2.weight', 'vpm.encoder.layers.5.self_attn.k_proj.bias', 'vpm.encoder.layers.5.self_attn.k_proj.weight', 'vpm.encoder.layers.5.self_attn.out_proj.bias', 'vpm.encoder.layers.5.self_attn.out_proj.weight', 'vpm.encoder.layers.5.self_attn.q_proj.bias', 'vpm.encoder.layers.5.self_attn.q_proj.weight', 'vpm.encoder.layers.5.self_attn.v_proj.bias', 'vpm.encoder.layers.5.self_attn.v_proj.weight', 'vpm.encoder.layers.6.layer_norm1.bias', 'vpm.encoder.layers.6.layer_norm1.weight', 'vpm.encoder.layers.6.layer_norm2.bias', 'vpm.encoder.layers.6.layer_norm2.weight', 'vpm.encoder.layers.6.mlp.fc1.bias', 'vpm.encoder.layers.6.mlp.fc1.weight', 'vpm.encoder.layers.6.mlp.fc2.bias', 'vpm.encoder.layers.6.mlp.fc2.weight', 'vpm.encoder.layers.6.self_attn.k_proj.bias', 'vpm.encoder.layers.6.self_attn.k_proj.weight', 'vpm.encoder.layers.6.self_attn.out_proj.bias', 'vpm.encoder.layers.6.self_attn.out_proj.weight', 'vpm.encoder.layers.6.self_attn.q_proj.bias', 'vpm.encoder.layers.6.self_attn.q_proj.weight', 'vpm.encoder.layers.6.self_attn.v_proj.bias', 'vpm.encoder.layers.6.self_attn.v_proj.weight', 'vpm.encoder.layers.7.layer_norm1.bias', 'vpm.encoder.layers.7.layer_norm1.weight', 'vpm.encoder.layers.7.layer_norm2.bias', 'vpm.encoder.layers.7.layer_norm2.weight', 'vpm.encoder.layers.7.mlp.fc1.bias', 'vpm.encoder.layers.7.mlp.fc1.weight', 'vpm.encoder.layers.7.mlp.fc2.bias', 'vpm.encoder.layers.7.mlp.fc2.weight', 'vpm.encoder.layers.7.self_attn.k_proj.bias', 'vpm.encoder.layers.7.self_attn.k_proj.weight', 'vpm.encoder.layers.7.self_attn.out_proj.bias', 'vpm.encoder.layers.7.self_attn.out_proj.weight', 'vpm.encoder.layers.7.self_attn.q_proj.bias', 'vpm.encoder.layers.7.self_attn.q_proj.weight', 'vpm.encoder.layers.7.self_attn.v_proj.bias', 'vpm.encoder.layers.7.self_attn.v_proj.weight', 'vpm.encoder.layers.8.layer_norm1.bias', 'vpm.encoder.layers.8.layer_norm1.weight', 'vpm.encoder.layers.8.layer_norm2.bias', 'vpm.encoder.layers.8.layer_norm2.weight', 'vpm.encoder.layers.8.mlp.fc1.bias', 'vpm.encoder.layers.8.mlp.fc1.weight', 'vpm.encoder.layers.8.mlp.fc2.bias', 'vpm.encoder.layers.8.mlp.fc2.weight', 'vpm.encoder.layers.8.self_attn.k_proj.bias', 'vpm.encoder.layers.8.self_attn.k_proj.weight', 'vpm.encoder.layers.8.self_attn.out_proj.bias', 'vpm.encoder.layers.8.self_attn.out_proj.weight', 'vpm.encoder.layers.8.self_attn.q_proj.bias', 'vpm.encoder.layers.8.self_attn.q_proj.weight', 'vpm.encoder.layers.8.self_attn.v_proj.bias', 'vpm.encoder.layers.8.self_attn.v_proj.weight', 'vpm.encoder.layers.9.layer_norm1.bias', 'vpm.encoder.layers.9.layer_norm1.weight', 'vpm.encoder.layers.9.layer_norm2.bias', 'vpm.encoder.layers.9.layer_norm2.weight', 'vpm.encoder.layers.9.mlp.fc1.bias', 'vpm.encoder.layers.9.mlp.fc1.weight', 'vpm.encoder.layers.9.mlp.fc2.bias', 'vpm.encoder.layers.9.mlp.fc2.weight', 'vpm.encoder.layers.9.self_attn.k_proj.bias', 'vpm.encoder.layers.9.self_attn.k_proj.weight', 'vpm.encoder.layers.9.self_attn.out_proj.bias', 'vpm.encoder.layers.9.self_attn.out_proj.weight', 'vpm.encoder.layers.9.self_attn.q_proj.bias', 'vpm.encoder.layers.9.self_attn.q_proj.weight', 'vpm.encoder.layers.9.self_attn.v_proj.bias', 'vpm.encoder.layers.9.self_attn.v_proj.weight', 'vpm.post_layernorm.bias', 'vpm.post_layernorm.weight']
(WorkerDict pid=528357) - This IS expected if you are initializing MiniCPMO from the checkpoint of a model trained on another task or with another architecture (e.g. initializing a BertForSequenceClassification model from a BertForPreTraining model).
(WorkerDict pid=528357) - This IS NOT expected if you are initializing MiniCPMO from the checkpoint of a model that you expect to be exactly identical (initializing a BertForSequenceClassification model from a BertForSequenceClassification model).
(WorkerDict pid=528357) Monkey patch _flash_attention_forward in transformers.integrations.flash_attention
(WorkerDict pid=528357) Skipping monkey patch for MiniCPMO as use_fused_kernels is False or fused_kernels_backend is torch
(WorkerDict pid=528357) MiniCPMO contains 8.52B parameters
(WorkerDict pid=528357) Before FSDP, memory allocated (GB): 0.00, memory reserved (GB): 0.00, device memory used/total (GB): 0.60/255.98
(WorkerDict pid=528357) /opt/venv/lib/python3.10/site-packages/torch/distributed/fsdp/_init_utils.py:430: UserWarning: FSDP is switching to use `NO_SHARD` instead of ShardingStrategy.FULL_SHARD since the world size is 1.
(WorkerDict pid=528357)   warnings.warn(
(WorkerDict pid=528357) /opt/venv/lib/python3.10/site-packages/torch/distributed/fsdp/_init_utils.py:1021: UserWarning: expandable_segments not supported on this platform (Triggered internally at /app/pytorch/c10/hip/HIPAllocatorConfig.h:36.)
(WorkerDict pid=528357)   param.data = param.to(device_from_device_id)
(WorkerDict pid=528357) RCCL version : 2.26.6-HEAD:f224e2c
(WorkerDict pid=528357) HIP version  : 7.0.51831-a3e329ad8
(WorkerDict pid=528357) ROCm version : 7.0.0.0-38-9428210
(WorkerDict pid=528357) Hostname     : tus1-p14-g22
(WorkerDict pid=528357) Librccl path : /opt/rocm/lib/librccl.so.1
(WorkerDict pid=528357)
(WorkerDict pid=528357) [2026-08-14 19:41:50] tus1-p14-g22:528357:529901 [0] /longer_pathname_so_that_rpms_can_support_packaging_the_debug_info_for_all_os_profiles/src/out/ubuntu-22.04/22.04/build/rccl/hipify/src/misc/alt_rsmi.cc:716 NCCL WARN Could not read node # 7
(WorkerDict pid=528357)
(WorkerDict pid=528357) [2026-08-14 19:41:50] tus1-p14-g22:528357:529901 [0] /longer_pathname_so_that_rpms_can_support_packaging_the_debug_info_for_all_os_profiles/src/out/ubuntu-22.04/22.04/build/rccl/hipify/src/misc/alt_rsmi.cc:675 NCCL WARN Could not read node # 7
(WorkerDict pid=528357)
(WorkerDict pid=528357) [2026-08-14 19:41:50] tus1-p14-g22:528357:529901 [0] /longer_pathname_so_that_rpms_can_support_packaging_the_debug_info_for_all_os_profiles/src/out/ubuntu-22.04/22.04/build/rccl/hipify/src/misc/alt_rsmi.cc:675 NCCL WARN Could not read node # 7
(WorkerDict pid=528357)
(WorkerDict pid=528357) [2026-08-14 19:41:50] tus1-p14-g22:528357:529901 [0] /longer_pathname_so_that_rpms_can_support_packaging_the_debug_info_for_all_os_profiles/src/out/ubuntu-22.04/22.04/build/rccl/hipify/src/misc/alt_rsmi.cc:675 NCCL WARN Could not read node # 7
(WorkerDict pid=528357)
(WorkerDict pid=528357) [2026-08-14 19:41:50] tus1-p14-g22:528357:529901 [0] /longer_pathname_so_that_rpms_can_support_packaging_the_debug_info_for_all_os_profiles/src/out/ubuntu-22.04/22.04/build/rccl/hipify/src/misc/alt_rsmi.cc:675 NCCL WARN Could not read node # 7
(WorkerDict pid=528357)
(WorkerDict pid=528357) [2026-08-14 19:41:50] tus1-p14-g22:528357:529901 [0] /longer_pathname_so_that_rpms_can_support_packaging_the_debug_info_for_all_os_profiles/src/out/ubuntu-22.04/22.04/build/rccl/hipify/src/misc/alt_rsmi.cc:716 NCCL WARN Could not read node # 5
(WorkerDict pid=528357)
(WorkerDict pid=528357) [2026-08-14 19:41:50] tus1-p14-g22:528357:529901 [0] /longer_pathname_so_that_rpms_can_support_packaging_the_debug_info_for_all_os_profiles/src/out/ubuntu-22.04/22.04/build/rccl/hipify/src/misc/alt_rsmi.cc:675 NCCL WARN Could not read node # 5
(WorkerDict pid=528357)
(WorkerDict pid=528357) [2026-08-14 19:41:50] tus1-p14-g22:528357:529901 [0] /longer_pathname_so_that_rpms_can_support_packaging_the_debug_info_for_all_os_profiles/src/out/ubuntu-22.04/22.04/build/rccl/hipify/src/misc/alt_rsmi.cc:675 NCCL WARN Could not read node # 5
(WorkerDict pid=528357)
(WorkerDict pid=528357) [2026-08-14 19:41:50] tus1-p14-g22:528357:529901 [0] /longer_pathname_so_that_rpms_can_support_packaging_the_debug_info_for_all_os_profiles/src/out/ubuntu-22.04/22.04/build/rccl/hipify/src/misc/alt_rsmi.cc:675 NCCL WARN Could not read node # 5
(WorkerDict pid=528357)
(WorkerDict pid=528357) [2026-08-14 19:41:50] tus1-p14-g22:528357:529901 [0] /longer_pathname_so_that_rpms_can_support_packaging_the_debug_info_for_all_os_profiles/src/out/ubuntu-22.04/22.04/build/rccl/hipify/src/misc/alt_rsmi.cc:675 NCCL WARN Could not read node # 5
(WorkerDict pid=528357)
(WorkerDict pid=528357) [2026-08-14 19:41:50] tus1-p14-g22:528357:529901 [0] /longer_pathname_so_that_rpms_can_support_packaging_the_debug_info_for_all_os_profiles/src/out/ubuntu-22.04/22.04/build/rccl/hipify/src/misc/alt_rsmi.cc:716 NCCL WARN Could not read node # 3
(WorkerDict pid=528357)
(WorkerDict pid=528357) [2026-08-14 19:41:50] tus1-p14-g22:528357:529901 [0] /longer_pathname_so_that_rpms_can_support_packaging_the_debug_info_for_all_os_profiles/src/out/ubuntu-22.04/22.04/build/rccl/hipify/src/misc/alt_rsmi.cc:675 NCCL WARN Could not read node # 3
(WorkerDict pid=528357)
(WorkerDict pid=528357) [2026-08-14 19:41:50] tus1-p14-g22:528357:529901 [0] /longer_pathname_so_that_rpms_can_support_packaging_the_debug_info_for_all_os_profiles/src/out/ubuntu-22.04/22.04/build/rccl/hipify/src/misc/alt_rsmi.cc:675 NCCL WARN Could not read node # 3
(WorkerDict pid=528357)
(WorkerDict pid=528357) [2026-08-14 19:41:50] tus1-p14-g22:528357:529901 [0] /longer_pathname_so_that_rpms_can_support_packaging_the_debug_info_for_all_os_profiles/src/out/ubuntu-22.04/22.04/build/rccl/hipify/src/misc/alt_rsmi.cc:675 NCCL WARN Could not read node # 3
(WorkerDict pid=528357)
(WorkerDict pid=528357) [2026-08-14 19:41:50] tus1-p14-g22:528357:529901 [0] /longer_pathname_so_that_rpms_can_support_packaging_the_debug_info_for_all_os_profiles/src/out/ubuntu-22.04/22.04/build/rccl/hipify/src/misc/alt_rsmi.cc:675 NCCL WARN Could not read node # 3
(WorkerDict pid=528357)
(WorkerDict pid=528357) [2026-08-14 19:41:50] tus1-p14-g22:528357:529901 [0] /longer_pathname_so_that_rpms_can_support_packaging_the_debug_info_for_all_os_profiles/src/out/ubuntu-22.04/22.04/build/rccl/hipify/src/misc/alt_rsmi.cc:716 NCCL WARN Could not read node # 8
(WorkerDict pid=528357)
(WorkerDict pid=528357) [2026-08-14 19:41:50] tus1-p14-g22:528357:529901 [0] /longer_pathname_so_that_rpms_can_support_packaging_the_debug_info_for_all_os_profiles/src/out/ubuntu-22.04/22.04/build/rccl/hipify/src/misc/alt_rsmi.cc:675 NCCL WARN Could not read node # 8
(WorkerDict pid=528357)
(WorkerDict pid=528357) [2026-08-14 19:41:50] tus1-p14-g22:528357:529901 [0] /longer_pathname_so_that_rpms_can_support_packaging_the_debug_info_for_all_os_profiles/src/out/ubuntu-22.04/22.04/build/rccl/hipify/src/misc/alt_rsmi.cc:675 NCCL WARN Could not read node # 8
(WorkerDict pid=528357)
(WorkerDict pid=528357) [2026-08-14 19:41:50] tus1-p14-g22:528357:529901 [0] /longer_pathname_so_that_rpms_can_support_packaging_the_debug_info_for_all_os_profiles/src/out/ubuntu-22.04/22.04/build/rccl/hipify/src/misc/alt_rsmi.cc:675 NCCL WARN Could not read node # 8
(WorkerDict pid=528357)
(WorkerDict pid=528357) [2026-08-14 19:41:50] tus1-p14-g22:528357:529901 [0] /longer_pathname_so_that_rpms_can_support_packaging_the_debug_info_for_all_os_profiles/src/out/ubuntu-22.04/22.04/build/rccl/hipify/src/misc/alt_rsmi.cc:675 NCCL WARN Could not read node # 8
(WorkerDict pid=528357)
(WorkerDict pid=528357) [2026-08-14 19:41:50] tus1-p14-g22:528357:529901 [0] /longer_pathname_so_that_rpms_can_support_packaging_the_debug_info_for_all_os_profiles/src/out/ubuntu-22.04/22.04/build/rccl/hipify/src/misc/alt_rsmi.cc:716 NCCL WARN Could not read node # 4
(WorkerDict pid=528357)
(WorkerDict pid=528357) [2026-08-14 19:41:50] tus1-p14-g22:528357:529901 [0] /longer_pathname_so_that_rpms_can_support_packaging_the_debug_info_for_all_os_profiles/src/out/ubuntu-22.04/22.04/build/rccl/hipify/src/misc/alt_rsmi.cc:675 NCCL WARN Could not read node # 4
(WorkerDict pid=528357)
(WorkerDict pid=528357) [2026-08-14 19:41:50] tus1-p14-g22:528357:529901 [0] /longer_pathname_so_that_rpms_can_support_packaging_the_debug_info_for_all_os_profiles/src/out/ubuntu-22.04/22.04/build/rccl/hipify/src/misc/alt_rsmi.cc:675 NCCL WARN Could not read node # 4
(WorkerDict pid=528357)
(WorkerDict pid=528357) [2026-08-14 19:41:50] tus1-p14-g22:528357:529901 [0] /longer_pathname_so_that_rpms_can_support_packaging_the_debug_info_for_all_os_profiles/src/out/ubuntu-22.04/22.04/build/rccl/hipify/src/misc/alt_rsmi.cc:675 NCCL WARN Could not read node # 4
(WorkerDict pid=528357)
(WorkerDict pid=528357) [2026-08-14 19:41:50] tus1-p14-g22:528357:529901 [0] /longer_pathname_so_that_rpms_can_support_packaging_the_debug_info_for_all_os_profiles/src/out/ubuntu-22.04/22.04/build/rccl/hipify/src/misc/alt_rsmi.cc:675 NCCL WARN Could not read node # 4
(WorkerDict pid=528357)
(WorkerDict pid=528357) [2026-08-14 19:41:50] tus1-p14-g22:528357:529901 [0] /longer_pathname_so_that_rpms_can_support_packaging_the_debug_info_for_all_os_profiles/src/out/ubuntu-22.04/22.04/build/rccl/hipify/src/misc/alt_rsmi.cc:716 NCCL WARN Could not read node # 2
(WorkerDict pid=528357)
(WorkerDict pid=528357) [2026-08-14 19:41:50] tus1-p14-g22:528357:529901 [0] /longer_pathname_so_that_rpms_can_support_packaging_the_debug_info_for_all_os_profiles/src/out/ubuntu-22.04/22.04/build/rccl/hipify/src/misc/alt_rsmi.cc:675 NCCL WARN Could not read node # 2
(WorkerDict pid=528357)
(WorkerDict pid=528357) [2026-08-14 19:41:50] tus1-p14-g22:528357:529901 [0] /longer_pathname_so_that_rpms_can_support_packaging_the_debug_info_for_all_os_profiles/src/out/ubuntu-22.04/22.04/build/rccl/hipify/src/misc/alt_rsmi.cc:675 NCCL WARN Could not read node # 2
(WorkerDict pid=528357)
(WorkerDict pid=528357) [2026-08-14 19:41:50] tus1-p14-g22:528357:529901 [0] /longer_pathname_so_that_rpms_can_support_packaging_the_debug_info_for_all_os_profiles/src/out/ubuntu-22.04/22.04/build/rccl/hipify/src/misc/alt_rsmi.cc:675 NCCL WARN Could not read node # 2
(WorkerDict pid=528357)
(WorkerDict pid=528357) [2026-08-14 19:41:50] tus1-p14-g22:528357:529901 [0] /longer_pathname_so_that_rpms_can_support_packaging_the_debug_info_for_all_os_profiles/src/out/ubuntu-22.04/22.04/build/rccl/hipify/src/misc/alt_rsmi.cc:675 NCCL WARN Could not read node # 2
(WorkerDict pid=528357)
(WorkerDict pid=528357) [2026-08-14 19:41:50] tus1-p14-g22:528357:529901 [0] /longer_pathname_so_that_rpms_can_support_packaging_the_debug_info_for_all_os_profiles/src/out/ubuntu-22.04/22.04/build/rccl/hipify/src/misc/alt_rsmi.cc:716 NCCL WARN Could not read node # 9
(WorkerDict pid=528357)
(WorkerDict pid=528357) [2026-08-14 19:41:50] tus1-p14-g22:528357:529901 [0] /longer_pathname_so_that_rpms_can_support_packaging_the_debug_info_for_all_os_profiles/src/out/ubuntu-22.04/22.04/build/rccl/hipify/src/misc/alt_rsmi.cc:675 NCCL WARN Could not read node # 9
(WorkerDict pid=528357)
(WorkerDict pid=528357) [2026-08-14 19:41:50] tus1-p14-g22:528357:529901 [0] /longer_pathname_so_that_rpms_can_support_packaging_the_debug_info_for_all_os_profiles/src/out/ubuntu-22.04/22.04/build/rccl/hipify/src/misc/alt_rsmi.cc:675 NCCL WARN Could not read node # 9
(WorkerDict pid=528357)
(WorkerDict pid=528357) [2026-08-14 19:41:50] tus1-p14-g22:528357:529901 [0] /longer_pathname_so_that_rpms_can_support_packaging_the_debug_info_for_all_os_profiles/src/out/ubuntu-22.04/22.04/build/rccl/hipify/src/misc/alt_rsmi.cc:675 NCCL WARN Could not read node # 9
(WorkerDict pid=528357)
(WorkerDict pid=528357) [2026-08-14 19:41:50] tus1-p14-g22:528357:529901 [0] /longer_pathname_so_that_rpms_can_support_packaging_the_debug_info_for_all_os_profiles/src/out/ubuntu-22.04/22.04/build/rccl/hipify/src/misc/alt_rsmi.cc:675 NCCL WARN Could not read node # 9
(WorkerDict pid=528357)
(WorkerDict pid=528357) [2026-08-14 19:41:50] tus1-p14-g22:528357:529901 [0] /longer_pathname_so_that_rpms_can_support_packaging_the_debug_info_for_all_os_profiles/src/out/ubuntu-22.04/22.04/build/rccl/hipify/src/ras/client_support.cc:161 NCCL WARN Call to bind failed: Address already in use
(WorkerDict pid=528357)
(WorkerDict pid=528357) [2026-08-14 19:41:50] tus1-p14-g22:528357:529901 [0] /longer_pathname_so_that_rpms_can_support_packaging_the_debug_info_for_all_os_profiles/src/out/ubuntu-22.04/22.04/build/rccl/hipify/src/graph/connect.cc:870 NCCL WARN NCCL_MIN_NCHANNELS set by environment is ignored due to less than 8 GPUs.
(WorkerDict pid=528357) After FSDP, memory allocated (GB): 15.87, memory reserved (GB): 21.30, device memory used/total (GB): 22.63/255.98
(WorkerDict pid=528357) Total steps: 2, num_warmup_steps: 0
(WorkerDict pid=528357) [Gloo] Rank 0 is connected to 0 peer ranks. Expected number of connected peer ranks is : 0
(WorkerDict pid=528357) [Gloo] Rank 0 is connected to 0 peer ranks. Expected number of connected peer ranks is : 0
(WorkerDict pid=528357) [Gloo] Rank 0 is connected to 0 peer ranks. Expected number of connected peer ranks is : 0
(WorkerDict pid=528357) /opt/venv/lib/python3.10/site-packages/torch/distributed/fsdp/fully_sharded_data_parallel.py:675: FutureWarning: FSDP.state_dict_type() and FSDP.set_state_dict_type() are being deprecated. Please use APIs, get_state_dict() and set_state_dict(), which can support different parallelisms, FSDP1, FSDP2, DDP. API doc: https://pytorch.org/docs/stable/distributed.checkpoint.html#torch.distributed.checkpoint.state_dict.get_state_dict .Tutorial: https://pytorch.org/tutorials/recipes/distributed_checkpoint_recipe.html .
(WorkerDict pid=528357)   warnings.warn(
(WorkerDict pid=528357) Loading checkpoint shards:   0%|          | 0/4 [00:00<?, ?it/s]Loading checkpoint shards: 100%|██████████| 4/4 [00:00<00:00, 123.16it/s]
(WorkerDict pid=528357) Some weights of the model checkpoint at openbmb/MiniCPM-o-4_5 were not used when initializing MiniCPMO: ['resampler.attn.in_proj_bias', 'resampler.attn.in_proj_weight', 'resampler.attn.out_proj.bias', 'resampler.attn.out_proj.weight', 'resampler.kv_proj.weight', 'resampler.ln_kv.bias', 'resampler.ln_kv.weight', 'resampler.ln_post.bias', 'resampler.ln_post.weight', 'resampler.ln_q.bias', 'resampler.ln_q.weight', 'resampler.proj', 'resampler.query', 'tts.emb_code.0.weight', 'tts.emb_text.weight', 'tts.head_code.0.parametrizations.weight.original0', 'tts.head_code.0.parametrizations.weight.original1', 'tts.model.embed_tokens.weight', 'tts.model.layers.0.input_layernorm.weight', 'tts.model.layers.0.mlp.down_proj.weight', 'tts.model.layers.0.mlp.gate_proj.weight', 'tts.model.layers.0.mlp.up_proj.weight', 'tts.model.layers.0.post_attention_layernorm.weight', 'tts.model.layers.0.self_attn.k_proj.weight', 'tts.model.layers.0.self_attn.o_proj.weight', 'tts.model.layers.0.self_attn.q_proj.weight', 'tts.model.layers.0.self_attn.v_proj.weight', 'tts.model.layers.1.input_layernorm.weight', 'tts.model.layers.1.mlp.down_proj.weight', 'tts.model.layers.1.mlp.gate_proj.weight', 'tts.model.layers.1.mlp.up_proj.weight', 'tts.model.layers.1.post_attention_layernorm.weight', 'tts.model.layers.1.self_attn.k_proj.weight', 'tts.model.layers.1.self_attn.o_proj.weight', 'tts.model.layers.1.self_attn.q_proj.weight', 'tts.model.layers.1.self_attn.v_proj.weight', 'tts.model.layers.10.input_layernorm.weight', 'tts.model.layers.10.mlp.down_proj.weight', 'tts.model.layers.10.mlp.gate_proj.weight', 'tts.model.layers.10.mlp.up_proj.weight', 'tts.model.layers.10.post_attention_layernorm.weight', 'tts.model.layers.10.self_attn.k_proj.weight', 'tts.model.layers.10.self_attn.o_proj.weight', 'tts.model.layers.10.self_attn.q_proj.weight', 'tts.model.layers.10.self_attn.v_proj.weight', 'tts.model.layers.11.input_layernorm.weight', 'tts.model.layers.11.mlp.down_proj.weight', 'tts.model.layers.11.mlp.gate_proj.weight', 'tts.model.layers.11.mlp.up_proj.weight', 'tts.model.layers.11.post_attention_layernorm.weight', 'tts.model.layers.11.self_attn.k_proj.weight', 'tts.model.layers.11.self_attn.o_proj.weight', 'tts.model.layers.11.self_attn.q_proj.weight', 'tts.model.layers.11.self_attn.v_proj.weight', 'tts.model.layers.12.input_layernorm.weight', 'tts.model.layers.12.mlp.down_proj.weight', 'tts.model.layers.12.mlp.gate_proj.weight', 'tts.model.layers.12.mlp.up_proj.weight', 'tts.model.layers.12.post_attention_layernorm.weight', 'tts.model.layers.12.self_attn.k_proj.weight', 'tts.model.layers.12.self_attn.o_proj.weight', 'tts.model.layers.12.self_attn.q_proj.weight', 'tts.model.layers.12.self_attn.v_proj.weight', 'tts.model.layers.13.input_layernorm.weight', 'tts.model.layers.13.mlp.down_proj.weight', 'tts.model.layers.13.mlp.gate_proj.weight', 'tts.model.layers.13.mlp.up_proj.weight', 'tts.model.layers.13.post_attention_layernorm.weight', 'tts.model.layers.13.self_attn.k_proj.weight', 'tts.model.layers.13.self_attn.o_proj.weight', 'tts.model.layers.13.self_attn.q_proj.weight', 'tts.model.layers.13.self_attn.v_proj.weight', 'tts.model.layers.14.input_layernorm.weight', 'tts.model.layers.14.mlp.down_proj.weight', 'tts.model.layers.14.mlp.gate_proj.weight', 'tts.model.layers.14.mlp.up_proj.weight', 'tts.model.layers.14.post_attention_layernorm.weight', 'tts.model.layers.14.self_attn.k_proj.weight', 'tts.model.layers.14.self_attn.o_proj.weight', 'tts.model.layers.14.self_attn.q_proj.weight', 'tts.model.layers.14.self_attn.v_proj.weight', 'tts.model.layers.15.input_layernorm.weight', 'tts.model.layers.15.mlp.down_proj.weight', 'tts.model.layers.15.mlp.gate_proj.weight', 'tts.model.layers.15.mlp.up_proj.weight', 'tts.model.layers.15.post_attention_layernorm.weight', 'tts.model.layers.15.self_attn.k_proj.weight', 'tts.model.layers.15.self_attn.o_proj.weight', 'tts.model.layers.15.self_attn.q_proj.weight', 'tts.model.layers.15.self_attn.v_proj.weight', 'tts.model.layers.16.input_layernorm.weight', 'tts.model.layers.16.mlp.down_proj.weight', 'tts.model.layers.16.mlp.gate_proj.weight', 'tts.model.layers.16.mlp.up_proj.weight', 'tts.model.layers.16.post_attention_layernorm.weight', 'tts.model.layers.16.self_attn.k_proj.weight', 'tts.model.layers.16.self_attn.o_proj.weight', 'tts.model.layers.16.self_attn.q_proj.weight', 'tts.model.layers.16.self_attn.v_proj.weight', 'tts.model.layers.17.input_layernorm.weight', 'tts.model.layers.17.mlp.down_proj.weight', 'tts.model.layers.17.mlp.gate_proj.weight', 'tts.model.layers.17.mlp.up_proj.weight', 'tts.model.layers.17.post_attention_layernorm.weight', 'tts.model.layers.17.self_attn.k_proj.weight', 'tts.model.layers.17.self_attn.o_proj.weight', 'tts.model.layers.17.self_attn.q_proj.weight', 'tts.model.layers.17.self_attn.v_proj.weight', 'tts.model.layers.18.input_layernorm.weight', 'tts.model.layers.18.mlp.down_proj.weight', 'tts.model.layers.18.mlp.gate_proj.weight', 'tts.model.layers.18.mlp.up_proj.weight', 'tts.model.layers.18.post_attention_layernorm.weight', 'tts.model.layers.18.self_attn.k_proj.weight', 'tts.model.layers.18.self_attn.o_proj.weight', 'tts.model.layers.18.self_attn.q_proj.weight', 'tts.model.layers.18.self_attn.v_proj.weight', 'tts.model.layers.19.input_layernorm.weight', 'tts.model.layers.19.mlp.down_proj.weight', 'tts.model.layers.19.mlp.gate_proj.weight', 'tts.model.layers.19.mlp.up_proj.weight', 'tts.model.layers.19.post_attention_layernorm.weight', 'tts.model.layers.19.self_attn.k_proj.weight', 'tts.model.layers.19.self_attn.o_proj.weight', 'tts.model.layers.19.self_attn.q_proj.weight', 'tts.model.layers.19.self_attn.v_proj.weight', 'tts.model.layers.2.input_layernorm.weight', 'tts.model.layers.2.mlp.down_proj.weight', 'tts.model.layers.2.mlp.gate_proj.weight', 'tts.model.layers.2.mlp.up_proj.weight', 'tts.model.layers.2.post_attention_layernorm.weight', 'tts.model.layers.2.self_attn.k_proj.weight', 'tts.model.layers.2.self_attn.o_proj.weight', 'tts.model.layers.2.self_attn.q_proj.weight', 'tts.model.layers.2.self_attn.v_proj.weight', 'tts.model.layers.3.input_layernorm.weight', 'tts.model.layers.3.mlp.down_proj.weight', 'tts.model.layers.3.mlp.gate_proj.weight', 'tts.model.layers.3.mlp.up_proj.weight', 'tts.model.layers.3.post_attention_layernorm.weight', 'tts.model.layers.3.self_attn.k_proj.weight', 'tts.model.layers.3.self_attn.o_proj.weight', 'tts.model.layers.3.self_attn.q_proj.weight', 'tts.model.layers.3.self_attn.v_proj.weight', 'tts.model.layers.4.input_layernorm.weight', 'tts.model.layers.4.mlp.down_proj.weight', 'tts.model.layers.4.mlp.gate_proj.weight', 'tts.model.layers.4.mlp.up_proj.weight', 'tts.model.layers.4.post_attention_layernorm.weight', 'tts.model.layers.4.self_attn.k_proj.weight', 'tts.model.layers.4.self_attn.o_proj.weight', 'tts.model.layers.4.self_attn.q_proj.weight', 'tts.model.layers.4.self_attn.v_proj.weight', 'tts.model.layers.5.input_layernorm.weight', 'tts.model.layers.5.mlp.down_proj.weight', 'tts.model.layers.5.mlp.gate_proj.weight', 'tts.model.layers.5.mlp.up_proj.weight', 'tts.model.layers.5.post_attention_layernorm.weight', 'tts.model.layers.5.self_attn.k_proj.weight', 'tts.model.layers.5.self_attn.o_proj.weight', 'tts.model.layers.5.self_attn.q_proj.weight', 'tts.model.layers.5.self_attn.v_proj.weight', 'tts.model.layers.6.input_layernorm.weight', 'tts.model.layers.6.mlp.down_proj.weight', 'tts.model.layers.6.mlp.gate_proj.weight', 'tts.model.layers.6.mlp.up_proj.weight', 'tts.model.layers.6.post_attention_layernorm.weight', 'tts.model.layers.6.self_attn.k_proj.weight', 'tts.model.layers.6.self_attn.o_proj.weight', 'tts.model.layers.6.self_attn.q_proj.weight', 'tts.model.layers.6.self_attn.v_proj.weight', 'tts.model.layers.7.input_layernorm.weight', 'tts.model.layers.7.mlp.down_proj.weight', 'tts.model.layers.7.mlp.gate_proj.weight', 'tts.model.layers.7.mlp.up_proj.weight', 'tts.model.layers.7.post_attention_layernorm.weight', 'tts.model.layers.7.self_attn.k_proj.weight', 'tts.model.layers.7.self_attn.o_proj.weight', 'tts.model.layers.7.self_attn.q_proj.weight', 'tts.model.layers.7.self_attn.v_proj.weight', 'tts.model.layers.8.input_layernorm.weight', 'tts.model.layers.8.mlp.down_proj.weight', 'tts.model.layers.8.mlp.gate_proj.weight', 'tts.model.layers.8.mlp.up_proj.weight', 'tts.model.layers.8.post_attention_layernorm.weight', 'tts.model.layers.8.self_attn.k_proj.weight', 'tts.model.layers.8.self_attn.o_proj.weight', 'tts.model.layers.8.self_attn.q_proj.weight', 'tts.model.layers.8.self_attn.v_proj.weight', 'tts.model.layers.9.input_layernorm.weight', 'tts.model.layers.9.mlp.down_proj.weight', 'tts.model.layers.9.mlp.gate_proj.weight', 'tts.model.layers.9.mlp.up_proj.weight', 'tts.model.layers.9.post_attention_layernorm.weight', 'tts.model.layers.9.self_attn.k_proj.weight', 'tts.model.layers.9.self_attn.o_proj.weight', 'tts.model.layers.9.self_attn.q_proj.weight', 'tts.model.layers.9.self_attn.v_proj.weight', 'tts.model.norm.weight', 'tts.projector_semantic.linear1.bias', 'tts.projector_semantic.linear1.weight', 'tts.projector_semantic.linear2.bias', 'tts.projector_semantic.linear2.weight', 'tts.projector_spk.linear1.bias', 'tts.projector_spk.linear1.weight', 'tts.projector_spk.linear2.bias', 'tts.projector_spk.linear2.weight', 'vpm.embeddings.patch_embedding.bias', 'vpm.embeddings.patch_embedding.weight', 'vpm.embeddings.position_embedding.weight', 'vpm.encoder.layers.0.layer_norm1.bias', 'vpm.encoder.layers.0.layer_norm1.weight', 'vpm.encoder.layers.0.layer_norm2.bias', 'vpm.encoder.layers.0.layer_norm2.weight', 'vpm.encoder.layers.0.mlp.fc1.bias', 'vpm.encoder.layers.0.mlp.fc1.weight', 'vpm.encoder.layers.0.mlp.fc2.bias', 'vpm.encoder.layers.0.mlp.fc2.weight', 'vpm.encoder.layers.0.self_attn.k_proj.bias', 'vpm.encoder.layers.0.self_attn.k_proj.weight', 'vpm.encoder.layers.0.self_attn.out_proj.bias', 'vpm.encoder.layers.0.self_attn.out_proj.weight', 'vpm.encoder.layers.0.self_attn.q_proj.bias', 'vpm.encoder.layers.0.self_attn.q_proj.weight', 'vpm.encoder.layers.0.self_attn.v_proj.bias', 'vpm.encoder.layers.0.self_attn.v_proj.weight', 'vpm.encoder.layers.1.layer_norm1.bias', 'vpm.encoder.layers.1.layer_norm1.weight', 'vpm.encoder.layers.1.layer_norm2.bias', 'vpm.encoder.layers.1.layer_norm2.weight', 'vpm.encoder.layers.1.mlp.fc1.bias', 'vpm.encoder.layers.1.mlp.fc1.weight', 'vpm.encoder.layers.1.mlp.fc2.bias', 'vpm.encoder.layers.1.mlp.fc2.weight', 'vpm.encoder.layers.1.self_attn.k_proj.bias', 'vpm.encoder.layers.1.self_attn.k_proj.weight', 'vpm.encoder.layers.1.self_attn.out_proj.bias', 'vpm.encoder.layers.1.self_attn.out_proj.weight', 'vpm.encoder.layers.1.self_attn.q_proj.bias', 'vpm.encoder.layers.1.self_attn.q_proj.weight', 'vpm.encoder.layers.1.self_attn.v_proj.bias', 'vpm.encoder.layers.1.self_attn.v_proj.weight', 'vpm.encoder.layers.10.layer_norm1.bias', 'vpm.encoder.layers.10.layer_norm1.weight', 'vpm.encoder.layers.10.layer_norm2.bias', 'vpm.encoder.layers.10.layer_norm2.weight', 'vpm.encoder.layers.10.mlp.fc1.bias', 'vpm.encoder.layers.10.mlp.fc1.weight', 'vpm.encoder.layers.10.mlp.fc2.bias', 'vpm.encoder.layers.10.mlp.fc2.weight', 'vpm.encoder.layers.10.self_attn.k_proj.bias', 'vpm.encoder.layers.10.self_attn.k_proj.weight', 'vpm.encoder.layers.10.self_attn.out_proj.bias', 'vpm.encoder.layers.10.self_attn.out_proj.weight', 'vpm.encoder.layers.10.self_attn.q_proj.bias', 'vpm.encoder.layers.10.self_attn.q_proj.weight', 'vpm.encoder.layers.10.self_attn.v_proj.bias', 'vpm.encoder.layers.10.self_attn.v_proj.weight', 'vpm.encoder.layers.11.layer_norm1.bias', 'vpm.encoder.layers.11.layer_norm1.weight', 'vpm.encoder.layers.11.layer_norm2.bias', 'vpm.encoder.layers.11.layer_norm2.weight', 'vpm.encoder.layers.11.mlp.fc1.bias', 'vpm.encoder.layers.11.mlp.fc1.weight', 'vpm.encoder.layers.11.mlp.fc2.bias', 'vpm.encoder.layers.11.mlp.fc2.weight', 'vpm.encoder.layers.11.self_attn.k_proj.bias', 'vpm.encoder.layers.11.self_attn.k_proj.weight', 'vpm.encoder.layers.11.self_attn.out_proj.bias', 'vpm.encoder.layers.11.self_attn.out_proj.weight', 'vpm.encoder.layers.11.self_attn.q_proj.bias', 'vpm.encoder.layers.11.self_attn.q_proj.weight', 'vpm.encoder.layers.11.self_attn.v_proj.bias', 'vpm.encoder.layers.11.self_attn.v_proj.weight', 'vpm.encoder.layers.12.layer_norm1.bias', 'vpm.encoder.layers.12.layer_norm1.weight', 'vpm.encoder.layers.12.layer_norm2.bias', 'vpm.encoder.layers.12.layer_norm2.weight', 'vpm.encoder.layers.12.mlp.fc1.bias', 'vpm.encoder.layers.12.mlp.fc1.weight', 'vpm.encoder.layers.12.mlp.fc2.bias', 'vpm.encoder.layers.12.mlp.fc2.weight', 'vpm.encoder.layers.12.self_attn.k_proj.bias', 'vpm.encoder.layers.12.self_attn.k_proj.weight', 'vpm.encoder.layers.12.self_attn.out_proj.bias', 'vpm.encoder.layers.12.self_attn.out_proj.weight', 'vpm.encoder.layers.12.self_attn.q_proj.bias', 'vpm.encoder.layers.12.self_attn.q_proj.weight', 'vpm.encoder.layers.12.self_attn.v_proj.bias', 'vpm.encoder.layers.12.self_attn.v_proj.weight', 'vpm.encoder.layers.13.layer_norm1.bias', 'vpm.encoder.layers.13.layer_norm1.weight', 'vpm.encoder.layers.13.layer_norm2.bias', 'vpm.encoder.layers.13.layer_norm2.weight', 'vpm.encoder.layers.13.mlp.fc1.bias', 'vpm.encoder.layers.13.mlp.fc1.weight', 'vpm.encoder.layers.13.mlp.fc2.bias', 'vpm.encoder.layers.13.mlp.fc2.weight', 'vpm.encoder.layers.13.self_attn.k_proj.bias', 'vpm.encoder.layers.13.self_attn.k_proj.weight', 'vpm.encoder.layers.13.self_attn.out_proj.bias', 'vpm.encoder.layers.13.self_attn.out_proj.weight', 'vpm.encoder.layers.13.self_attn.q_proj.bias', 'vpm.encoder.layers.13.self_attn.q_proj.weight', 'vpm.encoder.layers.13.self_attn.v_proj.bias', 'vpm.encoder.layers.13.self_attn.v_proj.weight', 'vpm.encoder.layers.14.layer_norm1.bias', 'vpm.encoder.layers.14.layer_norm1.weight', 'vpm.encoder.layers.14.layer_norm2.bias', 'vpm.encoder.layers.14.layer_norm2.weight', 'vpm.encoder.layers.14.mlp.fc1.bias', 'vpm.encoder.layers.14.mlp.fc1.weight', 'vpm.encoder.layers.14.mlp.fc2.bias', 'vpm.encoder.layers.14.mlp.fc2.weight', 'vpm.encoder.layers.14.self_attn.k_proj.bias', 'vpm.encoder.layers.14.self_attn.k_proj.weight', 'vpm.encoder.layers.14.self_attn.out_proj.bias', 'vpm.encoder.layers.14.self_attn.out_proj.weight', 'vpm.encoder.layers.14.self_attn.q_proj.bias', 'vpm.encoder.layers.14.self_attn.q_proj.weight', 'vpm.encoder.layers.14.self_attn.v_proj.bias', 'vpm.encoder.layers.14.self_attn.v_proj.weight', 'vpm.encoder.layers.15.layer_norm1.bias', 'vpm.encoder.layers.15.layer_norm1.weight', 'vpm.encoder.layers.15.layer_norm2.bias', 'vpm.encoder.layers.15.layer_norm2.weight', 'vpm.encoder.layers.15.mlp.fc1.bias', 'vpm.encoder.layers.15.mlp.fc1.weight', 'vpm.encoder.layers.15.mlp.fc2.bias', 'vpm.encoder.layers.15.mlp.fc2.weight', 'vpm.encoder.layers.15.self_attn.k_proj.bias', 'vpm.encoder.layers.15.self_attn.k_proj.weight', 'vpm.encoder.layers.15.self_attn.out_proj.bias', 'vpm.encoder.layers.15.self_attn.out_proj.weight', 'vpm.encoder.layers.15.self_attn.q_proj.bias', 'vpm.encoder.layers.15.self_attn.q_proj.weight', 'vpm.encoder.layers.15.self_attn.v_proj.bias', 'vpm.encoder.layers.15.self_attn.v_proj.weight', 'vpm.encoder.layers.16.layer_norm1.bias', 'vpm.encoder.layers.16.layer_norm1.weight', 'vpm.encoder.layers.16.layer_norm2.bias', 'vpm.encoder.layers.16.layer_norm2.weight', 'vpm.encoder.layers.16.mlp.fc1.bias', 'vpm.encoder.layers.16.mlp.fc1.weight', 'vpm.encoder.layers.16.mlp.fc2.bias', 'vpm.encoder.layers.16.mlp.fc2.weight', 'vpm.encoder.layers.16.self_attn.k_proj.bias', 'vpm.encoder.layers.16.self_attn.k_proj.weight', 'vpm.encoder.layers.16.self_attn.out_proj.bias', 'vpm.encoder.layers.16.self_attn.out_proj.weight', 'vpm.encoder.layers.16.self_attn.q_proj.bias', 'vpm.encoder.layers.16.self_attn.q_proj.weight', 'vpm.encoder.layers.16.self_attn.v_proj.bias', 'vpm.encoder.layers.16.self_attn.v_proj.weight', 'vpm.encoder.layers.17.layer_norm1.bias', 'vpm.encoder.layers.17.layer_norm1.weight', 'vpm.encoder.layers.17.layer_norm2.bias', 'vpm.encoder.layers.17.layer_norm2.weight', 'vpm.encoder.layers.17.mlp.fc1.bias', 'vpm.encoder.layers.17.mlp.fc1.weight', 'vpm.encoder.layers.17.mlp.fc2.bias', 'vpm.encoder.layers.17.mlp.fc2.weight', 'vpm.encoder.layers.17.self_attn.k_proj.bias', 'vpm.encoder.layers.17.self_attn.k_proj.weight', 'vpm.encoder.layers.17.self_attn.out_proj.bias', 'vpm.encoder.layers.17.self_attn.out_proj.weight', 'vpm.encoder.layers.17.self_attn.q_proj.bias', 'vpm.encoder.layers.17.self_attn.q_proj.weight', 'vpm.encoder.layers.17.self_attn.v_proj.bias', 'vpm.encoder.layers.17.self_attn.v_proj.weight', 'vpm.encoder.layers.18.layer_norm1.bias', 'vpm.encoder.layers.18.layer_norm1.weight', 'vpm.encoder.layers.18.layer_norm2.bias', 'vpm.encoder.layers.18.layer_norm2.weight', 'vpm.encoder.layers.18.mlp.fc1.bias', 'vpm.encoder.layers.18.mlp.fc1.weight', 'vpm.encoder.layers.18.mlp.fc2.bias', 'vpm.encoder.layers.18.mlp.fc2.weight', 'vpm.encoder.layers.18.self_attn.k_proj.bias', 'vpm.encoder.layers.18.self_attn.k_proj.weight', 'vpm.encoder.layers.18.self_attn.out_proj.bias', 'vpm.encoder.layers.18.self_attn.out_proj.weight', 'vpm.encoder.layers.18.self_attn.q_proj.bias', 'vpm.encoder.layers.18.self_attn.q_proj.weight', 'vpm.encoder.layers.18.self_attn.v_proj.bias', 'vpm.encoder.layers.18.self_attn.v_proj.weight', 'vpm.encoder.layers.19.layer_norm1.bias', 'vpm.encoder.layers.19.layer_norm1.weight', 'vpm.encoder.layers.19.layer_norm2.bias', 'vpm.encoder.layers.19.layer_norm2.weight', 'vpm.encoder.layers.19.mlp.fc1.bias', 'vpm.encoder.layers.19.mlp.fc1.weight', 'vpm.encoder.layers.19.mlp.fc2.bias', 'vpm.encoder.layers.19.mlp.fc2.weight', 'vpm.encoder.layers.19.self_attn.k_proj.bias', 'vpm.encoder.layers.19.self_attn.k_proj.weight', 'vpm.encoder.layers.19.self_attn.out_proj.bias', 'vpm.encoder.layers.19.self_attn.out_proj.weight', 'vpm.encoder.layers.19.self_attn.q_proj.bias', 'vpm.encoder.layers.19.self_attn.q_proj.weight', 'vpm.encoder.layers.19.self_attn.v_proj.bias', 'vpm.encoder.layers.19.self_attn.v_proj.weight', 'vpm.encoder.layers.2.layer_norm1.bias', 'vpm.encoder.layers.2.layer_norm1.weight', 'vpm.encoder.layers.2.layer_norm2.bias', 'vpm.encoder.layers.2.layer_norm2.weight', 'vpm.encoder.layers.2.mlp.fc1.bias', 'vpm.encoder.layers.2.mlp.fc1.weight', 'vpm.encoder.layers.2.mlp.fc2.bias', 'vpm.encoder.layers.2.mlp.fc2.weight', 'vpm.encoder.layers.2.self_attn.k_proj.bias', 'vpm.encoder.layers.2.self_attn.k_proj.weight', 'vpm.encoder.layers.2.self_attn.out_proj.bias', 'vpm.encoder.layers.2.self_attn.out_proj.weight', 'vpm.encoder.layers.2.self_attn.q_proj.bias', 'vpm.encoder.layers.2.self_attn.q_proj.weight', 'vpm.encoder.layers.2.self_attn.v_proj.bias', 'vpm.encoder.layers.2.self_attn.v_proj.weight', 'vpm.encoder.layers.20.layer_norm1.bias', 'vpm.encoder.layers.20.layer_norm1.weight', 'vpm.encoder.layers.20.layer_norm2.bias', 'vpm.encoder.layers.20.layer_norm2.weight', 'vpm.encoder.layers.20.mlp.fc1.bias', 'vpm.encoder.layers.20.mlp.fc1.weight', 'vpm.encoder.layers.20.mlp.fc2.bias', 'vpm.encoder.layers.20.mlp.fc2.weight', 'vpm.encoder.layers.20.self_attn.k_proj.bias', 'vpm.encoder.layers.20.self_attn.k_proj.weight', 'vpm.encoder.layers.20.self_attn.out_proj.bias', 'vpm.encoder.layers.20.self_attn.out_proj.weight', 'vpm.encoder.layers.20.self_attn.q_proj.bias', 'vpm.encoder.layers.20.self_attn.q_proj.weight', 'vpm.encoder.layers.20.self_attn.v_proj.bias', 'vpm.encoder.layers.20.self_attn.v_proj.weight', 'vpm.encoder.layers.21.layer_norm1.bias', 'vpm.encoder.layers.21.layer_norm1.weight', 'vpm.encoder.layers.21.layer_norm2.bias', 'vpm.encoder.layers.21.layer_norm2.weight', 'vpm.encoder.layers.21.mlp.fc1.bias', 'vpm.encoder.layers.21.mlp.fc1.weight', 'vpm.encoder.layers.21.mlp.fc2.bias', 'vpm.encoder.layers.21.mlp.fc2.weight', 'vpm.encoder.layers.21.self_attn.k_proj.bias', 'vpm.encoder.layers.21.self_attn.k_proj.weight', 'vpm.encoder.layers.21.self_attn.out_proj.bias', 'vpm.encoder.layers.21.self_attn.out_proj.weight', 'vpm.encoder.layers.21.self_attn.q_proj.bias', 'vpm.encoder.layers.21.self_attn.q_proj.weight', 'vpm.encoder.layers.21.self_attn.v_proj.bias', 'vpm.encoder.layers.21.self_attn.v_proj.weight', 'vpm.encoder.layers.22.layer_norm1.bias', 'vpm.encoder.layers.22.layer_norm1.weight', 'vpm.encoder.layers.22.layer_norm2.bias', 'vpm.encoder.layers.22.layer_norm2.weight', 'vpm.encoder.layers.22.mlp.fc1.bias', 'vpm.encoder.layers.22.mlp.fc1.weight', 'vpm.encoder.layers.22.mlp.fc2.bias', 'vpm.encoder.layers.22.mlp.fc2.weight', 'vpm.encoder.layers.22.self_attn.k_proj.bias', 'vpm.encoder.layers.22.self_attn.k_proj.weight', 'vpm.encoder.layers.22.self_attn.out_proj.bias', 'vpm.encoder.layers.22.self_attn.out_proj.weight', 'vpm.encoder.layers.22.self_attn.q_proj.bias', 'vpm.encoder.layers.22.self_attn.q_proj.weight', 'vpm.encoder.layers.22.self_attn.v_proj.bias', 'vpm.encoder.layers.22.self_attn.v_proj.weight', 'vpm.encoder.layers.23.layer_norm1.bias', 'vpm.encoder.layers.23.layer_norm1.weight', 'vpm.encoder.layers.23.layer_norm2.bias', 'vpm.encoder.layers.23.layer_norm2.weight', 'vpm.encoder.layers.23.mlp.fc1.bias', 'vpm.encoder.layers.23.mlp.fc1.weight', 'vpm.encoder.layers.23.mlp.fc2.bias', 'vpm.encoder.layers.23.mlp.fc2.weight', 'vpm.encoder.layers.23.self_attn.k_proj.bias', 'vpm.encoder.layers.23.self_attn.k_proj.weight', 'vpm.encoder.layers.23.self_attn.out_proj.bias', 'vpm.encoder.layers.23.self_attn.out_proj.weight', 'vpm.encoder.layers.23.self_attn.q_proj.bias', 'vpm.encoder.layers.23.self_attn.q_proj.weight', 'vpm.encoder.layers.23.self_attn.v_proj.bias', 'vpm.encoder.layers.23.self_attn.v_proj.weight', 'vpm.encoder.layers.24.layer_norm1.bias', 'vpm.encoder.layers.24.layer_norm1.weight', 'vpm.encoder.layers.24.layer_norm2.bias', 'vpm.encoder.layers.24.layer_norm2.weight', 'vpm.encoder.layers.24.mlp.fc1.bias', 'vpm.encoder.layers.24.mlp.fc1.weight', 'vpm.encoder.layers.24.mlp.fc2.bias', 'vpm.encoder.layers.24.mlp.fc2.weight', 'vpm.encoder.layers.24.self_attn.k_proj.bias', 'vpm.encoder.layers.24.self_attn.k_proj.weight', 'vpm.encoder.layers.24.self_attn.out_proj.bias', 'vpm.encoder.layers.24.self_attn.out_proj.weight', 'vpm.encoder.layers.24.self_attn.q_proj.bias', 'vpm.encoder.layers.24.self_attn.q_proj.weight', 'vpm.encoder.layers.24.self_attn.v_proj.bias', 'vpm.encoder.layers.24.self_attn.v_proj.weight', 'vpm.encoder.layers.25.layer_norm1.bias', 'vpm.encoder.layers.25.layer_norm1.weight', 'vpm.encoder.layers.25.layer_norm2.bias', 'vpm.encoder.layers.25.layer_norm2.weight', 'vpm.encoder.layers.25.mlp.fc1.bias', 'vpm.encoder.layers.25.mlp.fc1.weight', 'vpm.encoder.layers.25.mlp.fc2.bias', 'vpm.encoder.layers.25.mlp.fc2.weight', 'vpm.encoder.layers.25.self_attn.k_proj.bias', 'vpm.encoder.layers.25.self_attn.k_proj.weight', 'vpm.encoder.layers.25.self_attn.out_proj.bias', 'vpm.encoder.layers.25.self_attn.out_proj.weight', 'vpm.encoder.layers.25.self_attn.q_proj.bias', 'vpm.encoder.layers.25.self_attn.q_proj.weight', 'vpm.encoder.layers.25.self_attn.v_proj.bias', 'vpm.encoder.layers.25.self_attn.v_proj.weight', 'vpm.encoder.layers.26.layer_norm1.bias', 'vpm.encoder.layers.26.layer_norm1.weight', 'vpm.encoder.layers.26.layer_norm2.bias', 'vpm.encoder.layers.26.layer_norm2.weight', 'vpm.encoder.layers.26.mlp.fc1.bias', 'vpm.encoder.layers.26.mlp.fc1.weight', 'vpm.encoder.layers.26.mlp.fc2.bias', 'vpm.encoder.layers.26.mlp.fc2.weight', 'vpm.encoder.layers.26.self_attn.k_proj.bias', 'vpm.encoder.layers.26.self_attn.k_proj.weight', 'vpm.encoder.layers.26.self_attn.out_proj.bias', 'vpm.encoder.layers.26.self_attn.out_proj.weight', 'vpm.encoder.layers.26.self_attn.q_proj.bias', 'vpm.encoder.layers.26.self_attn.q_proj.weight', 'vpm.encoder.layers.26.self_attn.v_proj.bias', 'vpm.encoder.layers.26.self_attn.v_proj.weight', 'vpm.encoder.layers.3.layer_norm1.bias', 'vpm.encoder.layers.3.layer_norm1.weight', 'vpm.encoder.layers.3.layer_norm2.bias', 'vpm.encoder.layers.3.layer_norm2.weight', 'vpm.encoder.layers.3.mlp.fc1.bias', 'vpm.encoder.layers.3.mlp.fc1.weight', 'vpm.encoder.layers.3.mlp.fc2.bias', 'vpm.encoder.layers.3.mlp.fc2.weight', 'vpm.encoder.layers.3.self_attn.k_proj.bias', 'vpm.encoder.layers.3.self_attn.k_proj.weight', 'vpm.encoder.layers.3.self_attn.out_proj.bias', 'vpm.encoder.layers.3.self_attn.out_proj.weight', 'vpm.encoder.layers.3.self_attn.q_proj.bias', 'vpm.encoder.layers.3.self_attn.q_proj.weight', 'vpm.encoder.layers.3.self_attn.v_proj.bias', 'vpm.encoder.layers.3.self_attn.v_proj.weight', 'vpm.encoder.layers.4.layer_norm1.bias', 'vpm.encoder.layers.4.layer_norm1.weight', 'vpm.encoder.layers.4.layer_norm2.bias', 'vpm.encoder.layers.4.layer_norm2.weight', 'vpm.encoder.layers.4.mlp.fc1.bias', 'vpm.encoder.layers.4.mlp.fc1.weight', 'vpm.encoder.layers.4.mlp.fc2.bias', 'vpm.encoder.layers.4.mlp.fc2.weight', 'vpm.encoder.layers.4.self_attn.k_proj.bias', 'vpm.encoder.layers.4.self_attn.k_proj.weight', 'vpm.encoder.layers.4.self_attn.out_proj.bias', 'vpm.encoder.layers.4.self_attn.out_proj.weight', 'vpm.encoder.layers.4.self_attn.q_proj.bias', 'vpm.encoder.layers.4.self_attn.q_proj.weight', 'vpm.encoder.layers.4.self_attn.v_proj.bias', 'vpm.encoder.layers.4.self_attn.v_proj.weight', 'vpm.encoder.layers.5.layer_norm1.bias', 'vpm.encoder.layers.5.layer_norm1.weight', 'vpm.encoder.layers.5.layer_norm2.bias', 'vpm.encoder.layers.5.layer_norm2.weight', 'vpm.encoder.layers.5.mlp.fc1.bias', 'vpm.encoder.layers.5.mlp.fc1.weight', 'vpm.encoder.layers.5.mlp.fc2.bias', 'vpm.encoder.layers.5.mlp.fc2.weight', 'vpm.encoder.layers.5.self_attn.k_proj.bias', 'vpm.encoder.layers.5.self_attn.k_proj.weight', 'vpm.encoder.layers.5.self_attn.out_proj.bias', 'vpm.encoder.layers.5.self_attn.out_proj.weight', 'vpm.encoder.layers.5.self_attn.q_proj.bias', 'vpm.encoder.layers.5.self_attn.q_proj.weight', 'vpm.encoder.layers.5.self_attn.v_proj.bias', 'vpm.encoder.layers.5.self_attn.v_proj.weight', 'vpm.encoder.layers.6.layer_norm1.bias', 'vpm.encoder.layers.6.layer_norm1.weight', 'vpm.encoder.layers.6.layer_norm2.bias', 'vpm.encoder.layers.6.layer_norm2.weight', 'vpm.encoder.layers.6.mlp.fc1.bias', 'vpm.encoder.layers.6.mlp.fc1.weight', 'vpm.encoder.layers.6.mlp.fc2.bias', 'vpm.encoder.layers.6.mlp.fc2.weight', 'vpm.encoder.layers.6.self_attn.k_proj.bias', 'vpm.encoder.layers.6.self_attn.k_proj.weight', 'vpm.encoder.layers.6.self_attn.out_proj.bias', 'vpm.encoder.layers.6.self_attn.out_proj.weight', 'vpm.encoder.layers.6.self_attn.q_proj.bias', 'vpm.encoder.layers.6.self_attn.q_proj.weight', 'vpm.encoder.layers.6.self_attn.v_proj.bias', 'vpm.encoder.layers.6.self_attn.v_proj.weight', 'vpm.encoder.layers.7.layer_norm1.bias', 'vpm.encoder.layers.7.layer_norm1.weight', 'vpm.encoder.layers.7.layer_norm2.bias', 'vpm.encoder.layers.7.layer_norm2.weight', 'vpm.encoder.layers.7.mlp.fc1.bias', 'vpm.encoder.layers.7.mlp.fc1.weight', 'vpm.encoder.layers.7.mlp.fc2.bias', 'vpm.encoder.layers.7.mlp.fc2.weight', 'vpm.encoder.layers.7.self_attn.k_proj.bias', 'vpm.encoder.layers.7.self_attn.k_proj.weight', 'vpm.encoder.layers.7.self_attn.out_proj.bias', 'vpm.encoder.layers.7.self_attn.out_proj.weight', 'vpm.encoder.layers.7.self_attn.q_proj.bias', 'vpm.encoder.layers.7.self_attn.q_proj.weight', 'vpm.encoder.layers.7.self_attn.v_proj.bias', 'vpm.encoder.layers.7.self_attn.v_proj.weight', 'vpm.encoder.layers.8.layer_norm1.bias', 'vpm.encoder.layers.8.layer_norm1.weight', 'vpm.encoder.layers.8.layer_norm2.bias', 'vpm.encoder.layers.8.layer_norm2.weight', 'vpm.encoder.layers.8.mlp.fc1.bias', 'vpm.encoder.layers.8.mlp.fc1.weight', 'vpm.encoder.layers.8.mlp.fc2.bias', 'vpm.encoder.layers.8.mlp.fc2.weight', 'vpm.encoder.layers.8.self_attn.k_proj.bias', 'vpm.encoder.layers.8.self_attn.k_proj.weight', 'vpm.encoder.layers.8.self_attn.out_proj.bias', 'vpm.encoder.layers.8.self_attn.out_proj.weight', 'vpm.encoder.layers.8.self_attn.q_proj.bias', 'vpm.encoder.layers.8.self_attn.q_proj.weight', 'vpm.encoder.layers.8.self_attn.v_proj.bias', 'vpm.encoder.layers.8.self_attn.v_proj.weight', 'vpm.encoder.layers.9.layer_norm1.bias', 'vpm.encoder.layers.9.layer_norm1.weight', 'vpm.encoder.layers.9.layer_norm2.bias', 'vpm.encoder.layers.9.layer_norm2.weight', 'vpm.encoder.layers.9.mlp.fc1.bias', 'vpm.encoder.layers.9.mlp.fc1.weight', 'vpm.encoder.layers.9.mlp.fc2.bias', 'vpm.encoder.layers.9.mlp.fc2.weight', 'vpm.encoder.layers.9.self_attn.k_proj.bias', 'vpm.encoder.layers.9.self_attn.k_proj.weight', 'vpm.encoder.layers.9.self_attn.out_proj.bias', 'vpm.encoder.layers.9.self_attn.out_proj.weight', 'vpm.encoder.layers.9.self_attn.q_proj.bias', 'vpm.encoder.layers.9.self_attn.q_proj.weight', 'vpm.encoder.layers.9.self_attn.v_proj.bias', 'vpm.encoder.layers.9.self_attn.v_proj.weight', 'vpm.post_layernorm.bias', 'vpm.post_layernorm.weight']
(WorkerDict pid=528357) - This IS expected if you are initializing MiniCPMO from the checkpoint of a model trained on another task or with another architecture (e.g. initializing a BertForSequenceClassification model from a BertForPreTraining model).
(WorkerDict pid=528357) - This IS NOT expected if you are initializing MiniCPMO from the checkpoint of a model that you expect to be exactly identical (initializing a BertForSequenceClassification model from a BertForSequenceClassification model).
(TaskRunner pid=527633) LLMServerManager: ['duplex://replica-0']
(WorkerDict pid=528357) /opt/venv/lib/python3.10/site-packages/torch/distributed/fsdp/_state_dict_utils.py:763: UserWarning: When using ``NO_SHARD`` for ``ShardingStrategy``, full_state_dict will be returned.
(WorkerDict pid=528357)   warnings.warn(
(WorkerDict pid=528357) /opt/venv/lib/python3.10/site-packages/torch/distributed/fsdp/_state_dict_utils.py:701: UserWarning: When using ``NO_SHARD`` for ``ShardingStrategy``, full_state_dict will be returned.
(WorkerDict pid=528357)   warnings.warn(
(WorkerDict pid=528357) [duplex] full_weight_sync version=0 tensors=770 changed_transformer=initial_sync
(TaskRunner pid=527633) Training Progress:   0%|          | 0/2 [00:00<?, ?it/s]
(TaskRunner pid=527633) [duplex] trainer_step=1 rollout_policy_version=0 batch=2
(WorkerDict pid=528357) [duplex] full_weight_sync version=1 tensors=770 changed_transformer=llm.model.layers.0.self_attn.q_proj.weight
(WorkerDict pid=528357) /opt/venv/lib/python3.10/site-packages/torch/distributed/fsdp/_state_dict_utils.py:763: UserWarning: When using ``NO_SHARD`` for ``ShardingStrategy``, full_state_dict will be returned.
(WorkerDict pid=528357)   warnings.warn(
(WorkerDict pid=528357) /opt/venv/lib/python3.10/site-packages/torch/distributed/fsdp/_state_dict_utils.py:701: UserWarning: When using ``NO_SHARD`` for ``ShardingStrategy``, full_state_dict will be returned.
(WorkerDict pid=528357)   warnings.warn(
(WorkerDict pid=528357) [duplex] sync_logit_audit version=1 prefix=27 max_abs_diff=0.0625
(TaskRunner pid=527633) step:1 - actor/entropy:0.023446740582585335 - perf/mfu/actor_infer:0.0 - actor/pg_clipfrac:0.0 - actor/ppo_kl:0.0 - actor/pg_clipfrac_lower:0.0 - actor/pg_loss:0.0 - actor/loss:0.0 - actor/grad_norm:5.9375 - actor/lr:1e-06 - actor/perf/max_memory_allocated_gb:95.33506631851196 - actor/perf/max_memory_reserved_gb:123.119140625 - actor/perf/cpu_memory_used_gb:166.0944480895996 - perf/mfu/actor:0.0 - training/global_step:1 - training/epoch:0 - critic/score/mean:0.0 - critic/score/max:1.0 - critic/score/min:-1.0 - critic/rewards/mean:0.0 - critic/rewards/max:1.0 - critic/rewards/min:-1.0 - critic/advantages/mean:2.055332570805035e-09 - critic/advantages/max:0.7071062922477722 - critic/advantages/min:-0.7071062922477722 - critic/returns/mean:2.055332570805035e-09 - critic/returns/max:0.7071062922477722 - critic/returns/min:-0.7071062922477722 - response_length/mean:482.0 - response_length/max:509.0 - response_length/min:455.0 - response_length/clip_ratio:0.5 - response_length_non_aborted/mean:482.0 - response_length_non_aborted/max:509.0 - response_length_non_aborted/min:455.0 - response_length_non_aborted/clip_ratio:0.5 - response/aborted_ratio:0.0 - prompt_length/mean:1.0 - prompt_length/max:1.0 - prompt_length/min:1.0 - prompt_length/clip_ratio:1.0 - timing_s/start_profile:2.348000998608768e-05 - timing_s/agent_loop/generate_sequences/min:20.873687998988316 - timing_s/agent_loop/generate_sequences/max:24.68050599700655 - timing_s/agent_loop/generate_sequences/mean:22.777096997997432 - timing_s/gen:24.699258727996494 - timing_s/reward:6.849993951618671e-06 - timing_s/old_log_prob:0.6518455519981217 - timing_s/adv:0.000266806993749924 - timing_s/update_actor:4.7883479119918775 - timing_s/update_weights:0.8946806799940532 - timing_s/step:31.035251188994152 - timing_s/stop_profile:2.886899164877832e-05 - timing_per_token_ms/adv:0.0002761977160972298 - timing_per_token_ms/gen:25.621637684643666 - timing_per_token_ms/update_actor:4.956881896471923 - perf/total_num_tokens:966 - perf/time_per_step:31.035251188994152 - perf/throughput:31.125895972853183
(TaskRunner pid=527633) Training Progress:  50%|█████     | 1/2 [00:31<00:31, 31.04s/it]
(TaskRunner pid=527633) [duplex] trainer_step=2 rollout_policy_version=1 batch=2
(WorkerDict pid=528357) [duplex] full_weight_sync version=2 tensors=770 changed_transformer=llm.model.layers.0.self_attn.q_proj.weight
(WorkerDict pid=528357) [duplex] sync_logit_audit version=2 prefix=27 max_abs_diff=0.0625
(TaskRunner pid=527633) step:2 - actor/entropy:0.02358182519674301 - perf/mfu/actor_infer:0.0 - actor/pg_clipfrac:0.0 - actor/ppo_kl:0.0 - actor/pg_clipfrac_lower:0.0 - actor/pg_loss:0.0 - actor/loss:0.0 - actor/grad_norm:6.0 - actor/lr:1e-06 - actor/perf/max_memory_allocated_gb:95.33508157730103 - actor/perf/max_memory_reserved_gb:124.587890625 - actor/perf/cpu_memory_used_gb:166.43768692016602 - perf/mfu/actor:0.0 - training/global_step:2 - training/epoch:0 - critic/score/mean:0.0 - critic/score/max:1.0 - critic/score/min:-1.0 - critic/rewards/mean:0.0 - critic/rewards/max:1.0 - critic/rewards/min:-1.0 - critic/advantages/mean:2.055332570805035e-09 - critic/advantages/max:0.7071062922477722 - critic/advantages/min:-0.7071062922477722 - critic/returns/mean:2.055332570805035e-09 - critic/returns/max:0.7071062922477722 - critic/returns/min:-0.7071062922477722 - response_length/mean:481.5 - response_length/max:506.0 - response_length/min:457.0 - response_length/clip_ratio:0.5 - response_length_non_aborted/mean:481.5 - response_length_non_aborted/max:506.0 - response_length_non_aborted/min:457.0 - response_length_non_aborted/clip_ratio:0.5 - response/aborted_ratio:0.0 - prompt_length/mean:1.0 - prompt_length/max:1.0 - prompt_length/min:1.0 - prompt_length/clip_ratio:1.0 - timing_s/start_profile:2.829899312928319e-05 - timing_s/agent_loop/generate_sequences/min:5.098441104011727 - timing_s/agent_loop/generate_sequences/max:9.194567025988363 - timing_s/agent_loop/generate_sequences/mean:7.146504065000045 - timing_s/gen:9.207710171001963 - timing_s/reward:1.0760006261989474e-05 - timing_s/old_log_prob:0.11258565000025555 - timing_s/adv:0.00020909799786750227 - timing_s/update_actor:0.512660524007515 - timing_s/update_weights:0.895319521005149 - timing_s/step:10.729361322999466 - timing_s/stop_profile:2.7578993467614055e-05 - timing_per_token_ms/adv:0.00021668186307513188 - timing_per_token_ms/gen:9.561485120458943 - timing_per_token_ms/update_actor:0.5312544290233316 - perf/total_num_tokens:965 - perf/time_per_step:10.729361322999466 - perf/throughput:89.94011581392317
(TaskRunner pid=527633) 'Final validation metrics: None'
(TaskRunner pid=527633) Training Progress: 100%|██████████| 2/2 [00:41<00:00, 19.09s/it]Training Progress: 100%|██████████| 2/2 [00:41<00:00, 20.88s/it]
